{"count":31,"results":[{"id":1,"name":"For the Flag","description":"**Overview:** It's time to kick things off and get warmed up. Capture the Flag (CTF) events generally use flags to prove that you have solved a challenge. Most CTFs use a similar flag format for all the problems they can and it generally looks like ```flag{...}```. Our competition is no different and the flag format here is ```FBC{some_stuff}```. \r\n\r\n**Instructions:** First things first, wrap the phrase  ```have_you_got_what_it_takes?``` with the Fallbrook Cyber flag format, and the game will reward you with a spot on the leaderboard, you even get an ENTIRE point!  Consider... why might knowing the flag wrapper, \"FBC,\" be useful for some problems?\r\n\r\n**Author:**  Nate (helix)#8684<br>*nathaniel.singer@scyca.org*","connection_info":null,"max_attempts":0,"value":1,"category":"Welcome","type":"standard","state":"visible","requirements":null},{"id":2,"name":"Inspector Gadget","description":"**Overview:** When you go to a website, it sends you HTML code. Your web browser then reads that like we read a cooking recipe and \"bakes the cake\" or \"draws the picture.\" It uses the code to understand what to draw on the screen for you. Where to put buttons, how to style things, etc. You can look at this code and glean ALOT of additional information from it somtimes.\r\n\r\n**Instructions:** Go ahead and navigate to the web application. Once you're there, try to figure out how to see the code that the browser is using to display the page. Is there anything interesting in there?\r\n\r\n**Author:**  Nate (helix)#8684<br>*nathaniel.singer@scyca.org*","connection_info":"http://battleground.ctf.scyca.org:1337/","max_attempts":0,"value":10,"category":"Web Exploitation (WEBEX)","type":"standard","state":"visible","requirements":null},{"id":3,"name":"The Middleman","description":"**Overview:** Continuing looking at the same application as Inspector Gadget, let's make sure we see everything being transmitted. HTML is one thing that gets sent, but there is a multitude of other data. Your browser will often request style sheets (CSS) and javascript, but every single request it makes also has header data. Headers are things like data the browser is storing and passing around (cookies), or security settings.  How can you view these headers?\r\n\r\n**Instructions:** Go back to the same web application listed below. Hopefully you found the last flag, Inspector... in this challenge you need to use your detective skills to setup a web proxy like BurpSuite, or simply use the built in features of your web browser to see all the other information about the web requests. Maybe something stands out?\r\n\r\n**Author:**  Nate (helix)#8684<br>*nathaniel.singer@scyca.org*","connection_info":"http://battleground.ctf.scyca.org:1337/","max_attempts":0,"value":25,"category":"Web Exploitation (WEBEX)","type":"standard","state":"visible","requirements":null},{"id":4,"name":"Get Out","description":"**Overview:** Now with some idea of how a web browser understands what to show you and process your actions, we need to talk about how it communicates that to the web server itself. The internet operates largely on web requests. These are standardized messages that  a browser uses to ask for page data, send user credentials for login, even to get pictures.\r\n\r\n**Instructions:** For starters, you should figure out what a GET request is used for and how parameters are passed. These arguments are used, among other things, for options the user needs to communicate. Navigate to the page and see if you can send the right parameters to get the flag.\r\n\r\n**Author:**  Nate (helix)#8684<br>*nathaniel.singer@scyca.org*","connection_info":"http://battleground.ctf.scyca.org:7777/","max_attempts":0,"value":50,"category":"Web Exploitation (WEBEX)","type":"standard","state":"visible","requirements":null},{"id":5,"name":"Mr. Robot","description":"**Overview:** There are a variety of standards on the internet with different goals. One of these standardized things relates to how search engines map out the landscape of the public web so you can search for things; this is typically done with by a process called spidering. There is a specific file/page that web servers can expose to request that this doesnt happen on their resources, however.\r\n\r\n**Instructions:** What is that file called and why might it be good to look at it? Can we determine anything interesting from it? Why might it be nice as an attacker to have a page that says, \"we dont want you looking here?\"\r\n\r\n**Author:**  Nate (helix)#8684<br>*nathaniel.singer@scyca.org*","connection_info":"http://battleground.ctf.scyca.org:7777/","max_attempts":0,"value":50,"category":"Web Exploitation (WEBEX)","type":"standard","state":"visible","requirements":null},{"id":6,"name":"The Postman","description":"**Overview:** We're going to ramp things up just a bit here, building on everything you know and have learned over the last web challenges. This last web app uses GET requests, but it also uses another type of request for sending things to the server. What type of request is generally used to send user credentials? How does this type of request send its \"parameter\" data and why is it generally preferred for sensitive applications like user login? The format for this POST data is JSON.\r\n\r\n**Instructions:** There are a variety of ways to see these requests but it is strongly recommended to use BurpSuite or another web proxy to see the traffic. There are various tools you can use to send requests yourself, such as BurpSuite, ```curl``` on \\*nix systems, or even just websites that can generate the requests for you. Once you solve this, it will give you a login token along with the flag, you will need that token for the next challenge.\r\n\r\n**Author:**  Nate (helix)#8684<br>*nathaniel.singer@scyca.org*","connection_info":"http://battleground.ctf.scyca.org:9001/","max_attempts":0,"value":50,"category":"Web Exploitation (WEBEX)","type":"standard","state":"visible","requirements":null},{"id":7,"name":"Cookie Monster","description":"**Overview:** To polish off the Web Exploitation section I've got a challenge for you with very real world, modern, implications. Once you identify what the token you got from The Postman is, you'll probably realize its widely used across the internet. Consider that if you can change things in that token, maybe you can pass some checks server side. Ideally this token is signed by the server so it can't be changed, but sometimes this isnt the case. This is designed to stretch your knowledge a bit, but i'm confident you all can get this. Feel free to ask questions.\r\n\r\n**Instructions:** First identify the token, decode it and see what information is being communicated back and forth. Can you change any of this? Once you change the important thing, is the server validating the signature? Go retrieve the flag... good luck!\r\n\r\n**Author:**  Nate (helix)#8684<br>*nathaniel.singer@scyca.org*","connection_info":"http://battleground.ctf.scyca.org:9001/","max_attempts":0,"value":90,"category":"Web Exploitation (WEBEX)","type":"standard","state":"visible","requirements":null},{"id":8,"name":"Execution","description":"**Overview:** If you want to exploit something, you probably need to be able to run it locally to build a working \"proof of concept\" (POC) prior to exploiting things on the server. When you download a file it generally will not have the required permissions to run.\r\n\r\n**Instructions:** Download the binary and identify what it is. Then figure out how to set the permissions you need before finally running the binary to get the flag. You will probably want to use a Linux virtual machine to do all of this, especially as the following challenges will \"require\" it.\r\n\r\n**Author:**  Nate (helix)#8684<br>*nathaniel.singer@scyca.org*","connection_info":null,"max_attempts":0,"value":10,"category":"Binary Exploitation (BINEX)","type":"standard","state":"visible","requirements":null},{"id":9,"name":"Telegram","description":"**Overview:** The term socket is generally used to describe a channel of communication between two parties over internet protocol. Generally we describe a socket as a host and port like ```google.com:443``` or ```192.168.72.1:4444``` and there are a variety of tools we can use to send and recieve data over a socket. Once we have an exploit working locally we generally will send it to a service over a host and port.\r\n\r\n**Instructions:** In order to be able to send an exploit over a socket we first must know how to send any data over a socket. Connect to the socket below and the server will send you the flag.\r\n\r\n**Author:**  Nate (helix)#8684<br>*nathaniel.singer@scyca.org*","connection_info":"battleground.ctf.scyca.org:5555","max_attempts":0,"value":25,"category":"Binary Exploitation (BINEX)","type":"standard","state":"visible","requirements":null},{"id":10,"name":"Fast and Furious","description":"**Overview:** While sometimes we can simply send a basic payload to a socket with a simple tool, more commonly we must write an exploit script. You can do this with bash or python or really anything else, although those are the most common means. Here we expand on socket interaction as you are required to count to 100 in only 15 seconds. You might be fast, but I'd bet a computer is faster.\r\n\r\n**Instructions:** Start by connecting with a basic tool as you did in Telegram and observe whats going on. Once you have a good understanding of the requirements, write a script and get the flag. I would suggest doing this using the pwntools library in python, or basic socket programming. Other options would be bash or perl scripts, take your pick.\r\n\r\n**Author:**  Nate (helix)#8684<br>*nathaniel.singer@scyca.org*","connection_info":"battleground.ctf.scyca.org:1234","max_attempts":0,"value":50,"category":"Binary Exploitation (BINEX)","type":"standard","state":"visible","requirements":null},{"id":11,"name":"Stacked","description":"**Overview:** Now we introduce our first exploitation concept. Imagine that you have a line of empty buckets. We'll call this our \"buffer.\" After the row of buckets there is a notebook on the ground with instructions about what to do next. When we start filling up the buckets with water, our \"input,\" we fill each one fully and if there is extra we have to put it somewhere. Now imagine there is no limit on the input. An attacker can fill all the buckets up and continue sending poison, spilling poison on the notebook with the instructions on it and changing what happens next. This is the principle of a buffer overflow, and it's what we will explore here.\r\n\r\n**Instructions:** Send data using a script like you did in Fast and Furious. This will make the next few challenges easier. Consider getting familiar with pwntools as you do this challenge and the subsequent ones. The goal is to spill some water on the notebook, doesn't matter exactly what you spill on it for now.\r\n\r\n**Author:**  Nate (helix)#8684<br>*nathaniel.singer@scyca.org*","connection_info":"battleground.ctf.scyca.org:6000","max_attempts":0,"value":50,"category":"Binary Exploitation (BINEX)","type":"standard","state":"visible","requirements":null},{"id":12,"name":"Ready, Aim, Fire","description":"**Overview:** Assuming you finished Stacked, this problem expands on the overwrite you figured out. This is something we call a write primitive. Given the context of the write primitive, you can do different things, but generally you need to overwrite the region of memory with something specific. Here, we start to figure out how to do that and some of the complexities that come up, like endieness on some architectures.\r\n\r\n**Instructions:** You have the same region of memory to corrupt, But now we want something specific. Use your exploit script again and now figure out how to overwrite that specific part of the buffer with the intended hex.\r\n\r\n**Author:**  Nate (helix)#8684<br>*nathaniel.singer@scyca.org*","connection_info":"battleground.ctf.scyca.org:6000","max_attempts":0,"value":50,"category":"Binary Exploitation (BINEX)","type":"standard","state":"visible","requirements":null},{"id":13,"name":"Return of the King","description":"**Overview:** Let's polish it off. Now were going to target the instruction pointer. When a function returns it returns to a location stored on the stack. This \"pointer\" is beyond your input just like the buffer you've been overwriting in the last section. If you can overwrite that, what does it mean for control of the program? Maybe start by reading up on the instruction pointer and how a stack frame works if you're stuck.\r\n\r\n**Instructions:** Assuming you finished \"Ready, Aim, Fire\" you know how to overwrite something specific. Start by crashing the app locally, returning to the desired function and finally port it to the remote server. Once you have a shell, grab the flag and profit.\r\n\r\n**Author:**  Nate (helix)#8684<br>*nathaniel.singer@scyca.org*","connection_info":"battleground.ctf.scyca.org:6000","max_attempts":0,"value":90,"category":"Binary Exploitation (BINEX)","type":"standard","state":"visible","requirements":null},{"id":14,"name":"Titanic","description":"**Overview:** Cryptography is critical to security and integrity of data in the modern world. We start by considering the concept of converting between ciphertext (C) and plaintext (P), but here we start with a cipher that is technically encoding, not encryption, as it doesnt implement a key.\r\n\r\n**Instructions:** Decode the ciphertext to get the plaintext flag. \r\n\r\nIf you havent used it before, CyberChef is a great tool for encoding and encryption via a web browser. https://gchq.github.io/CyberChef/\r\n\r\n**NOT IN THE STANDARD 'FBC{...}' FLAG FORMAT**\r\n\r\n**Author:**  Nate (helix)#8684<br>*nathaniel.singer@scyca.org*","connection_info":null,"max_attempts":0,"value":10,"category":"Cryptography (CRYPTO)","type":"standard","state":"visible","requirements":null},{"id":15,"name":"Cleopatra","description":"**Overview:** Now you get a new ciphertext. This time the cipher isnt an encoding but rather implements a \"key\" of sorts, even though the number of possible options, the \"key space,\" is rather small. Consider what part of the ciphertext may not actually be ciphertext. Also consider what the format looks like.\r\n\r\n**Instructions:** Decode the ciphertext to get the plaintext flag. Consider the name of the challenge in your quest for the right cipher. \r\n\r\nIf you havent used it before, CyberChef is a great tool for encoding and encryption via a web browser. https://gchq.github.io/CyberChef/\r\n\r\n**Author:**  Nate (helix)#8684<br>*nathaniel.singer@scyca.org*","connection_info":null,"max_attempts":0,"value":25,"category":"Cryptography (CRYPTO)","type":"standard","state":"visible","requirements":null},{"id":16,"name":"Da Vinci Code","description":"**Overview:** Here we again have a cipher that requires a key. There is an additional layer of complexity, however. We need to consider how the data arrives to us. If you notice all the characters are between (0-9)(A-F). This is because the data is in a format called hex. There is an encoding applied to english characters to convert the input into hex called ASCII. CyberChef will convert this automatically in most cases, but if you'd like to understand more check out: https://man7.org/linux/man-pages/man7/ascii.7.html\r\n\r\n**Instructions:** Decode the ciphertext to get the plaintext flag. The key you must use is ```0xFB``` and the cipher is an additive operation that is a principle of many other more sophisticated algorithms, called a XOR.\r\n\r\nIf you havent used it before, CyberChef is a great tool for encoding and encryption via a web browser. https://gchq.github.io/CyberChef/\r\n\r\n**Author:**  Nate (helix)#8684<br>*nathaniel.singer@scyca.org*","connection_info":null,"max_attempts":0,"value":50,"category":"Cryptography (CRYPTO)","type":"standard","state":"visible","requirements":null},{"id":17,"name":"Imitation Game","description":"**Overview:** How good is your pattern recognition? Here you need to identify the encodings in use and convert them back. There may be more than one in play. Google and CyberChef are your friends!\r\n\r\n**Instructions:** Decode the ciphertext to get the plaintext flag. No help this time :P\r\n\r\n**NOT IN THE STANDARD 'FBC{...}' FLAG FORMAT**\r\n\r\nIf you havent used it before, CyberChef is a great tool for encoding and encryption via a web browser. https://gchq.github.io/CyberChef/\r\n\r\n**Author:**  Nate (helix)#8684<br>*nathaniel.singer@scyca.org*","connection_info":null,"max_attempts":0,"value":50,"category":"Cryptography (CRYPTO)","type":"standard","state":"visible","requirements":null},{"id":18,"name":"Codebreaker","description":"**Overview:** The challenge introduces the idea of a small \"key-space.\" Meaning there aren't many possible options for encryption. Here you must decode a single-byte XOR, but we're not giving you the key. You must brute force the byte that was used encrypt the message. Consider the number of possible options in a single byte--try them all (hopefully with a tool).\r\n\r\n**Instructions:** Decode the ciphertext to get the plaintext flag. \r\n\r\nIf you havent used it before, CyberChef is a great tool for encoding and encryption via a web browser. https://gchq.github.io/CyberChef/\r\n\r\n**Author:**  Nate (helix)#8684<br>*nathaniel.singer@scyca.org*","connection_info":null,"max_attempts":0,"value":50,"category":"Cryptography (CRYPTO)","type":"standard","state":"visible","requirements":null},{"id":19,"name":"Enigma","description":"**Overview:** Now let's dial things up a notch and introduce the idea of a crib. You have a crib, a known portion of the plaintext, simply in the begining of  the flag handle ```FBC{```. This time there is a four byte key in place again using a simple XOR. While you could technically brute force it, that would take up to 256^4 tests which is quite a bit of time. How can you abuse the fact that you can \"crib\" the key to reduce the possible number of tests to 256\\*4 instead.\r\n\r\n**Instructions:** Decode the ciphertext to get the plaintext flag. Crib your way to victory!\r\n\r\nIf you havent used it before, CyberChef is a great tool for encoding and encryption via a web browser. https://gchq.github.io/CyberChef/\r\n\r\n**Author:**  Nate (helix)#8684<br>*nathaniel.singer@scyca.org*","connection_info":null,"max_attempts":0,"value":90,"category":"Cryptography (CRYPTO)","type":"standard","state":"visible","requirements":null},{"id":20,"name":"Shark Week","description":"**Overview:** Let's get started analyzing data that traverses the connected world over Internet Protocol (IP). Here you are given a packet capture, essentially a collection of various conversations and you must extract information about what happened.\r\n\r\n**Instructions:** The best way to accomplish these challenges is going to be through a tool called Wireshark. Lets start by finding the date and time the first packet was captured. The format should be submitted like ```FBC{2020-01-04 18:11:01}```\r\n\r\n*You may end up with an unacceptable answer if you are not currently using a US timezone.*\r\n\r\nAll challenges in this section that require a capture file, use the same file.\r\n\r\n**Author:**  Nate (helix)#8684<br>*nathaniel.singer@scyca.org*","connection_info":null,"max_attempts":0,"value":10,"category":"Networking","type":"standard","state":"visible","requirements":null},{"id":21,"name":"The Matrix","description":"**Overview:** Now lets step away from captures for a second and talk about subnetting. Subnets are a core component of the internet and most people learn how they work far too late. All a subnetmask is, is 32 bits where 1's \"mask\" the portion of address that describes the network, and the 0's \"mask\" the portion of the address that can be used to represent hosts on that network. CIDR notation tells us the number of \"turned on\" bits, ie: 1's. So /20 would be 20 (network) 1's and 12 (host) 0's. A /20 network can host 4096 hosts per segment.\r\n\r\n**Instructions:** In a /22 network, how many addresses are available on each subnet? If the answer was 256 you would submit ```FBC{256}```. This question will also accept the number of available host assignments, take your pick.\r\n\r\n**Author:**  Nate (helix)#8684<br>*nathaniel.singer@scyca.org*","connection_info":null,"max_attempts":0,"value":25,"category":"Networking","type":"standard","state":"visible","requirements":null},{"id":22,"name":"Parasite","description":"**Overview:** Getting back to the packet capture, let's take a look at DNS. DNS is kind of like a phonebook for the internet. All websites such as this CTFd instance, must run on a public socket, IP and port. DNS records such as ```ctf.scyca.org``` on the DNS server tell your web browser that ```ctf.scyca.org``` represents the ip address ```35.155.156.246```. This information is identified through DNS lookups.\r\n\r\n**Instructions:** The best way to accomplish these challenges is going to be through a tool called Wireshark. How can you view all the resolved DNS lookups in wireshark?\r\n\r\nAll challenges in this section that require a capture file, use the same file.\r\n\r\n**Author:**  Nate (helix)#8684<br>*nathaniel.singer@scyca.org*","connection_info":null,"max_attempts":0,"value":50,"category":"Networking","type":"standard","state":"visible","requirements":null},{"id":23,"name":"Polaroid","description":"**Overview:** Continuing the concept of gleaning information from wireshark. Everything that happens while monitoring can potentially be followed. This means you can extract credentials, commands and even images.\r\n\r\n**Instructions:** Use wireshark or another protocol analyzer to dump all images that came through on requests during the capture. See anything interesting?\r\n\r\nAll challenges in this section that require a capture file, use the same file.\r\n\r\n**Author:**  Nate (helix)#8684<br>*nathaniel.singer@scyca.org*","connection_info":null,"max_attempts":0,"value":50,"category":"Networking","type":"standard","state":"visible","requirements":null},{"id":24,"name":"Spy Kids","description":"**Overview:** In Polaroid you found images in the traffic, now you need to find credentials. First, what protocols are in use? Are any of those protocols unencrypted?\r\n\r\n**Instructions:** Find the user sessions that might contain plaintext passwords using Wireshark. Follow those streams to identify the plaintext flag in the traffic.\r\n\r\nAll challenges in this section that require a capture file, use the same file.\r\n\r\n**Author:**  Nate (helix)#8684<br>*nathaniel.singer@scyca.org*","connection_info":null,"max_attempts":0,"value":50,"category":"Networking","type":"standard","state":"visible","requirements":null},{"id":25,"name":"You've Got Mail","description":"**Overview:** Assuming you finished everything else here, now were going to stop *just* reading stuff with Wireshark and instead take a packet capture ourselves.\r\n\r\n**Instructions:** Connect to the socket and consider how to find the information its sending. The idea is to build on the skills you have earned so far. Remember that you will want to listen on the correct interface. If you can't find the traffic in your capture, make sure you've considered NAT and forwarded the approperiate ports.\r\n\r\n**Author:**  Nate (helix)#8684<br>*nathaniel.singer@scyca.org*","connection_info":"battleground.ctf.scyca.org:3000","max_attempts":0,"value":90,"category":"Networking","type":"standard","state":"visible","requirements":null},{"id":26,"name":"The Strings","description":"**Overview:** When we store information in a file there are different types that can end up in the data blob. One of those types is plaintext encoded characters. Encoding is essentially a mapping that says the character \"A\" is 0x41, \"B\" is 0x42... etc. The full table for ASCII can be had at https://man7.org/linux/man-pages/man7/ascii.7.html. To get all the plaintext ASCII strings out of a data file you can use the command ```strings``` in Linux.\r\n\r\n**Instructions:** Once you have all the ASCII strings out of the data blob, how might you search for the flag or reduce the possible number of options? You'll get all the things that are consecutive characters and 99% of it will be junk; it's time to sift.\r\n\r\n**Author:**  Nate (helix)#8684<br>*nathaniel.singer@scyca.org*","connection_info":null,"max_attempts":0,"value":10,"category":"Reversing and Forensics","type":"standard","state":"visible","requirements":null},{"id":27,"name":"Arrival","description":"**Overview:** Whats the difference between an executable file and a blob of data. On the surface, they're both a series of 1's and 0's. The big difference is that an executable contains a header with metadata in it. One of the important parameters is the entry point. This is the offset, typically in bytes, where the operating system will start treating data as code and executing it when you run the data as an application.\r\n\r\n**Instructions:** There are a variety of tools you can use for this, but what is the entry point of the attached executable? Once you identify it, run the executable and answer the prompt to grab the flag.\r\n\r\n**Author:**  Nate (helix)#8684<br>*nathaniel.singer@scyca.org*","connection_info":null,"max_attempts":0,"value":25,"category":"Reversing and Forensics","type":"standard","state":"visible","requirements":null},{"id":28,"name":"Hidden Figures","description":"**Overview:** Just because a file like an image opens properly and looks like an image, dosen't mean that its just an image. Steganography is the practice of hiding a secret message in something that is not secret. How can you identify and extract the secret out of this image file?\r\n\r\n**Instructions:** There are a few popular tools availabile for steganography, but start by using them to locate a secret file. Once you do then try to extract it. There is no password.\r\n\r\n**Author:**  Nate (helix)#8684<br>*nathaniel.singer@scyca.org*","connection_info":null,"max_attempts":0,"value":50,"category":"Reversing and Forensics","type":"standard","state":"visible","requirements":null},{"id":29,"name":"Hidden Places","description":"**Overview:** We did a bunch of packet capture analysis in the networking section, but Wireshark is actually a \"protocol\" analyzer, meaning it can operate against non-IP protocols like USB as well. Take a look at the capture in wireshark and see whats going on. Then try to figure out how to get the keystrokes out of the file. There are a variety of tools and scripts out there that people have written for this purpose.\r\n\r\n**Instructions:** Check for keystrokes in wireshark, then use a python or other-language script to extract the flag from the capture. Ensure you are respecting the modifier byte to interpret capitalized characters properly.\r\n\r\n**Author:**  Nate (helix)#8684<br>*nathaniel.singer@scyca.org*","connection_info":null,"max_attempts":0,"value":50,"category":"Reversing and Forensics","type":"standard","state":"visible","requirements":null},{"id":30,"name":"Eraser","description":"**Overview:** When we use the term image in computing we are referring to a standardized means of organizing data. This is essential to many forms of storage, such as hard drives and usb drives, but they can be virtual as well. For example, MacOS dmg files are images as well.\r\n\r\n**Instructions:** This image is compressed and zipped, so you'll need to unzip it first. Once you do that, figure out how to mount it and view the stuff in side.\r\n\r\n**Author:**  Nate (helix)#8684<br>*nathaniel.singer@scyca.org*","connection_info":null,"max_attempts":0,"value":50,"category":"Reversing and Forensics","type":"standard","state":"visible","requirements":null},{"id":31,"name":"Mission Impossible","description":"**Overview:** This challenge is a mix of debugging and reversing. In this challenge you must determine what the binary is doing. Once you do you'll find it will never finish properly. How can we acomplish what we want in this context them? Check out the General Purpose Debugger (GDB) for both reversing and exection.\r\n\r\n**Instructions:** How can you force execution of the desired function with a debugger like GDB?\r\n\r\n**Author:**  Nate (helix)#8684<br>*nathaniel.singer@scyca.org*","connection_info":null,"max_attempts":0,"value":90,"category":"Reversing and Forensics","type":"standard","state":"visible","requirements":null}],"meta":{}}