{"count":38,"results":[{"id":4,"type":"standard","location":"bfe67ea28c8f508747b05856c6f6de19/website-banner.png","challenge_id":null,"page_id":null},{"id":10,"type":"page","location":"7b56811303353abbd2018e71520b3af0/website-banner-black.png","challenge_id":null,"page_id":null},{"id":11,"type":"challenge","location":"b209ccdaa9727ab1cd5cc04eebeaa2e9/execution","challenge_id":8,"page_id":null},{"id":12,"type":"challenge","location":"3f1eac92bc31656192be2f2b2569aa78/ciphertext.txt","challenge_id":14,"page_id":null},{"id":13,"type":"challenge","location":"a2d54b328651204e8813427d36cb44fc/ciphertext.txt","challenge_id":15,"page_id":null},{"id":14,"type":"challenge","location":"9124c6f4074781edc49a4436f7e2310c/ciphertext.txt","challenge_id":16,"page_id":null},{"id":15,"type":"challenge","location":"e0ee36011710e8b75d3df0d968c4347b/ciphertext.txt","challenge_id":18,"page_id":null},{"id":16,"type":"challenge","location":"297e924ad0f5083c53b1820936332714/ciphertext.txt","challenge_id":19,"page_id":null},{"id":17,"type":"challenge","location":"21c2f21d34962ac0c0b06d6f64b725e6/ciphertext.txt","challenge_id":17,"page_id":null},{"id":18,"type":"challenge","location":"80be85e2aca46b43fb59828606a43e74/flags_in_here.pcapng","challenge_id":20,"page_id":null},{"id":19,"type":"challenge","location":"e7d3ec84e63d9ad860a7305e637f60cd/flags_in_here.pcapng","challenge_id":22,"page_id":null},{"id":20,"type":"challenge","location":"12c8661bc80e520d74d6d2066e7373f6/flags_in_here.pcapng","challenge_id":23,"page_id":null},{"id":21,"type":"challenge","location":"a045e0b7ed809d1822fae454c927ef73/vuln","challenge_id":13,"page_id":null},{"id":22,"type":"challenge","location":"b5c5dbf4fca76322bbb738358b13c8fb/vuln","challenge_id":12,"page_id":null},{"id":23,"type":"challenge","location":"f27854c4823c4ade4db86aac0561281d/vuln","challenge_id":11,"page_id":null},{"id":24,"type":"challenge","location":"ee7a5d8121a17b771be8fe77a014ae5d/data.bin","challenge_id":26,"page_id":null},{"id":25,"type":"challenge","location":"4389794d239d712835a88b06f0b5d850/arrival","challenge_id":27,"page_id":null},{"id":26,"type":"challenge","location":"31c863aa3a3ad362155b815b85a05ea5/cat.jpg","challenge_id":28,"page_id":null},{"id":28,"type":"challenge","location":"ecd146d61c6bd88fccf8d7ba46fad947/mission_impossible","challenge_id":31,"page_id":null},{"id":29,"type":"challenge","location":"abb2ae45e26948ea034a31c9a37af770/image.tgz","challenge_id":30,"page_id":null},{"id":30,"type":"page","location":"0b4aa640ff4f2d93a85306ca88aaf8d4/tmp.png","challenge_id":null,"page_id":null},{"id":31,"type":"page","location":"54a96a1482c368b6ab07e2bd587a8b40/custom.css","challenge_id":null,"page_id":null},{"id":32,"type":"challenge","location":"7d44d5abfdb9749c9ae278f6ef938f28/data.pcap","challenge_id":29,"page_id":null},{"id":33,"type":"page","location":"6b2b4d324148047ba4dcb60c1f6440fe/arduino.png","challenge_id":null,"page_id":null},{"id":35,"type":"page","location":"a45d9813fff805f4d7f30b729d8f010f/rpi.png","challenge_id":null,"page_id":null},{"id":36,"type":"page","location":"e18163e125b12dcd41f52efab99b7e65/picks.png","challenge_id":null,"page_id":null},{"id":37,"type":"page","location":"2ba614b6afe779a53550a17c843d0300/htb.png","challenge_id":null,"page_id":null},{"id":38,"type":"page","location":"bfd6bf2899ae7d26c2b3049b5d6e0ca9/thm.png","challenge_id":null,"page_id":null},{"id":39,"type":"page","location":"d67db8e1d8b7f831fd6d45b2c9a9346a/amy.png","challenge_id":null,"page_id":null},{"id":40,"type":"page","location":"4629c7faf1e1ca827995da8842094c8d/benson.png","challenge_id":null,"page_id":null},{"id":41,"type":"page","location":"1206d91ac996428c2447e304b6477757/nate.png","challenge_id":null,"page_id":null},{"id":42,"type":"page","location":"c2b17dc6dac12f89f71cf2db29bce3cc/discord.png","challenge_id":null,"page_id":null},{"id":43,"type":"page","location":"975ff76e80a2ab842b65cb88819ba2df/mail.png","challenge_id":null,"page_id":null},{"id":44,"type":"page","location":"640f76d4e3e44b88b96b633dc59da33f/award_first.png","challenge_id":null,"page_id":null},{"id":45,"type":"page","location":"eac812191b10aeee0f810110bc270857/award_second.png","challenge_id":null,"page_id":null},{"id":46,"type":"page","location":"8f0c5150d0ba141e01e1395474045f5b/award_third.png","challenge_id":null,"page_id":null},{"id":47,"type":"page","location":"ab432eb930eb9d58ad8fe48d1b01733e/100.png","challenge_id":null,"page_id":null},{"id":48,"type":"page","location":"45f74a60340161ab08c55cc6bce3be56/1000.png","challenge_id":null,"page_id":null}],"meta":{}}