{"count":35,"results":[{"id":1,"challenge_id":1,"type":"static","content":"FBC{have_you_got_what_it_takes?}","data":""},{"id":2,"challenge_id":2,"type":"static","content":"FBC{looks_like_you're_a_real_detective}","data":""},{"id":3,"challenge_id":3,"type":"static","content":"FBC{use_your_head_check_out_the_headers}","data":""},{"id":4,"challenge_id":4,"type":"static","content":"FBC{GETm_outta_here}","data":""},{"id":5,"challenge_id":5,"type":"static","content":"FBC{why_do_we_want_to_stop_spiders_anyways?}","data":""},{"id":6,"challenge_id":6,"type":"static","content":"FBC{ill_get_to_it_when_i_get_to_it}","data":""},{"id":7,"challenge_id":7,"type":"static","content":"FBC{gimme_that_real_john_hancock}","data":""},{"id":8,"challenge_id":8,"type":"static","content":"FBC{WaIt_bUt_ThAtS_nOt_An_ExE}","data":""},{"id":9,"challenge_id":9,"type":"static","content":"FBC{the_world_runs_on_sockets}","data":""},{"id":10,"challenge_id":10,"type":"static","content":"FBC{faster_and_more_furious}","data":""},{"id":11,"challenge_id":11,"type":"static","content":"FBC{WOAH_you_shouldnt_be_able_to_overwrite_THAT}","data":""},{"id":12,"challenge_id":12,"type":"static","content":"FBC{fire_and_forget}","data":""},{"id":13,"challenge_id":13,"type":"static","content":"FBC{go_google_ret2win}","data":""},{"id":14,"challenge_id":14,"type":"static","content":"THEY_DEFINITELY_SAID_THIS_SHIP_CAN'T_SINK","data":""},{"id":15,"challenge_id":15,"type":"static","content":"FBC{looks_even_more_like_a_FLAG_now_doesn't_it}","data":""},{"id":16,"challenge_id":16,"type":"static","content":"FBC{xor_is_the_backbone_of_modern_cryptography}","data":""},{"id":17,"challenge_id":17,"type":"static","content":"HOWS_YOUR_PATTERN_RECOGNITION_NOW?","data":""},{"id":18,"challenge_id":18,"type":"static","content":"FBC{why_not_try_them_all?}","data":""},{"id":19,"challenge_id":19,"type":"static","content":"FBC{known_plaintext?_crib_your_way_to_victory}","data":""},{"id":20,"challenge_id":20,"type":"static","content":"FBC{2022-01-04 12:45:03}","data":""},{"id":21,"challenge_id":21,"type":"static","content":"FBC{1024}","data":""},{"id":22,"challenge_id":22,"type":"static","content":"FBC{break_out_the_phonebook_billy}","data":""},{"id":23,"challenge_id":23,"type":"static","content":"FBC{meme_extraction_is_the_real_art}","data":""},{"id":24,"challenge_id":24,"type":"static","content":"FBC{kinda_secure_shell}","data":""},{"id":25,"challenge_id":25,"type":"static","content":"FBC{fire_and_forget}","data":""},{"id":26,"challenge_id":26,"type":"static","content":"FBC{now_thats_what_i_call_ascii}","data":""},{"id":27,"challenge_id":27,"type":"static","content":"FBC{this_is_where_it_all_begins}","data":""},{"id":28,"challenge_id":28,"type":"static","content":"FBC{feline_meme_vault}","data":""},{"id":29,"challenge_id":29,"type":"static","content":"FBC{wireshark_is_a_PROTOCOL_analyzer}","data":""},{"id":33,"challenge_id":30,"type":"static","content":"FBC{images_aren't_pictures_in_my_world}","data":""},{"id":34,"challenge_id":31,"type":"static","content":"flag{mission_not_that_impossible}","data":""},{"id":36,"challenge_id":21,"type":"static","content":"FBC{1022}","data":""},{"id":37,"challenge_id":20,"type":"static","content":"FBC{2022-01-04 13:45:03}","data":""},{"id":38,"challenge_id":20,"type":"static","content":"FBC{2022-01-04 14:45:03}","data":""},{"id":39,"challenge_id":20,"type":"static","content":"FBC{2022-01-04 15:45:03}","data":""}],"meta":{}}