{"count":1,"results":[{"id":1,"title":"None","route":"index","content":"<link rel=\"stylesheet\" href=\"/files/54a96a1482c368b6ab07e2bd587a8b40/custom.css\">\r\n\r\n<!-- Top Banner and Sub-Banner -->\r\n<div style=\"text-align: center; inline-size: 60%; margin: 0 auto;\">\r\n    <h1 style=\"margin-top:50px;\">Fallbrook Cyber: Spring CTF</h1>\r\n    <h3>Arranged by Hackers @ \r\n      <a href=\"https://www.scyca.org/\" target=\"_blank\">\r\n      \t<img style=\"max-height: 40px; float: none; padding-bottom:5px;\" src=\"/files/7b56811303353abbd2018e71520b3af0/website-banner-black.png\"/>\r\n      </a>\r\n  </h3>\r\n</div>\r\n\r\n<!-- Countdown -->\r\n<div style=\"inline-size: 25%; margin: 0 auto; margin-top: 40px;\">\r\n    <h5 class=\"text-center\" style=\"color: #f5f5ff; background-color: #424cff; border-radius: 10px 10px 00px 00px; border: 2px solid #424cff; padding: 5px;\">Competition Opens</h5>\r\n    <h5 class=\"text-center\" style=\"border-radius: 00px 00px 10px 10px; border: 2px solid #424cff; padding: 5px; margin-top:-10px;\" id=\"countdown\">...computing...</h5>\r\n</div>\r\n\r\n<!-- Prize Pool -->\r\n<h2 style=\"margin-top: 40px; text-align: center;\">Prize Pool</h2>\r\n<p style=\"text-align: center;\">Placement prize order is mutable, meaning first place picks first</p>\r\n\r\n<div class=\"prize-banner\">\r\n  <div class=\"prize-banner-text\" style=\"flex: 60%; border-radius: 15px 0 0 0\">\r\n    <h5 style=\"color: #f5f5f5;\">Placement Prizes</h5>\r\n  </div>\r\n  <div class=\"prize-banner-text\" style=\"flex: 40%; border-radius: 0 15px 0 0\">\r\n    <h5 style=\"color: #f5f5f5;\">Completion Prizes</h5>\r\n  </div>\r\n</div>\r\n\r\n<div class=\"prize-box\">\r\n  <div class=\"prize-container\">\r\n    <img class=\"prize-image\" src=\"/files/e18163e125b12dcd41f52efab99b7e65/picks.png\"/>\r\n    <div class=\"prize-overlay\">\r\n      \t<img class=\"prize-subimage\" src=\"/files/640f76d4e3e44b88b96b633dc59da33f/award_first.png\">\r\n    </div>\r\n  </div>\r\n  <div class=\"prize-container\">\r\n    <img class=\"prize-image\" src=\"/files/a45d9813fff805f4d7f30b729d8f010f/rpi.png\"/>\r\n    <div class=\"prize-overlay\">\r\n      \t<img class=\"prize-subimage\" src=\"/files/eac812191b10aeee0f810110bc270857/award_second.png\">\r\n    </div>\r\n  </div>\r\n  <div class=\"prize-container\">\r\n    <img class=\"prize-image\" src=\"/files/6b2b4d324148047ba4dcb60c1f6440fe/arduino.png\"/>\r\n    <div class=\"prize-overlay\">\r\n      \t<img class=\"prize-subimage\" src=\"/files/8f0c5150d0ba141e01e1395474045f5b/award_third.png\">\r\n    </div>\r\n  </div>\r\n  <div class=\"prize-container\">\r\n    <img class=\"prize-image\" src=\"/files/2ba614b6afe779a53550a17c843d0300/htb.png\"/>\r\n    <div class=\"prize-overlay\">\r\n      \t<img class=\"prize-subimage\" src=\"/files/ab432eb930eb9d58ad8fe48d1b01733e/100.png\">\r\n    </div>\r\n  </div>\r\n  <div class=\"prize-container\">\r\n    <img class=\"prize-image\" src=\"/files/bfd6bf2899ae7d26c2b3049b5d6e0ca9/thm.png\"/>\r\n    <div class=\"prize-overlay\">\r\n      \t<img class=\"prize-subimage\" src=\"/files/45f74a60340161ab08c55cc6bce3be56/1000.png\">\r\n    </div>\r\n  </div>\r\n</div>\r\n\r\n<div style=\"display: flex; justify-content: center; max-width: 70%; margin: 0 auto;\">\r\n  <div class=\"text-center\" style=\"flex: 20%; background-color: #242424; border-radius: 0px 0px 0px 15px;\">\r\n    <p style=\"color: #f5f5f5;\">Demo Locks/Picks</p>\r\n  </div>\r\n  <div class=\"text-center\" style=\"flex: 20%; background-color: #242424;\">\r\n    <p style=\"color: #f5f5f5;\">Raspberry Pi 4B</p>\r\n  </div>\r\n  <div class=\"text-center\" style=\"flex: 20%; background-color: #242424;\">\r\n    <p style=\"color: #f5f5f5;\">Arduino +Kit</p>\r\n  </div>\r\n  <div class=\"text-center\" style=\"flex: 20%; background-color: #242424;\">\r\n    <p style=\"color: #f5f5f5;\">HTB (1 Month)</p>\r\n  </div>\r\n  <div class=\"text-center\" style=\"flex: 20%; background-color: #242424; border-radius: 0px 0px 15px 0px;\">\r\n    <p style=\"color: #f5f5f5;\">THM (3 Months)</p>\r\n  </div>\r\n</div>\r\n\r\n\r\n<!-- Help -->\r\n<h2 class=\"text-center\" style=\"margin-top: 50px;\">Contact</h2>\r\n<p class=\"text-center\">Are you stuck? Is something broken?</p>\r\n\r\n<div style=\"display: flex; justify-content: center; max-width: 30%; margin: 0 auto;\">\r\n  <div class=\"text-center\" style=\"flex: auto; padding: 5px;\">\r\n    <img style=\"width:100%; border-radius: 5px\" src=\"/files/1206d91ac996428c2447e304b6477757/nate.png\"/>\r\n    <div style=\"display: flex; justify-content: center; max-width: 40%; margin: 0 auto;\">\r\n      <a href=\"mailto:nathaniel.singer@scyca.org\" target=\"_blank\">\r\n      \t<img style=\"width:100%;\" src=\"/files/975ff76e80a2ab842b65cb88819ba2df/mail.png\"/>\r\n      </a>\r\n      <a href=\"discord://discordapp.com/users/523958300396748810\" target=\"_blank\">\r\n      \t<img style=\"width:100%;\" src=\"/files/c2b17dc6dac12f89f71cf2db29bce3cc/discord.png\"/>\r\n      </a>\r\n    </div>\r\n  </div>\r\n  <div class=\"text-center\" style=\"flex: auto; padding: 5px;\">\r\n    <img style=\"width:100%; border-radius: 5px\" src=\"/files/4629c7faf1e1ca827995da8842094c8d/benson.png\"/>\r\n    <div style=\"display: flex; justify-content: center; max-width: 40%; margin: 0 auto;\">\r\n      <a href=\"mailto:benson.ku@scyca.org\" target=\"_blank\">\r\n      \t<img style=\"width:100%;\" src=\"/files/975ff76e80a2ab842b65cb88819ba2df/mail.png\"/>\r\n      </a>\r\n      <a href=\"discord://discordapp.com/users/695676545607401483\" target=\"_blank\">\r\n      \t<img style=\"width:100%;\" src=\"/files/c2b17dc6dac12f89f71cf2db29bce3cc/discord.png\"/>\r\n      </a>\r\n    </div>\r\n  </div>\r\n  <div class=\"text-center\" style=\"flex: auto; padding: 5px;\">\r\n    <img style=\"width:100%; border-radius: 5px;\" src=\"/files/d67db8e1d8b7f831fd6d45b2c9a9346a/amy.png\"/>\r\n    <div style=\"display: flex; justify-content: center; max-width: 40%; margin: 0 auto;\">\r\n      <a href=\"mailto:amy.wong@scyca.org\" target=\"_blank\">\r\n      \t<img style=\"width:100%;\" src=\"/files/975ff76e80a2ab842b65cb88819ba2df/mail.png\"/>\r\n      </a>\r\n      <a href=\"discord://discordapp.com/users/553078771796803595\" target=\"_blank\">\r\n      \t<img style=\"width:100%;\" src=\"/files/c2b17dc6dac12f89f71cf2db29bce3cc/discord.png\"/>\r\n      </a>\r\n    </div>\r\n  </div>\r\n</div>\r\n\r\n<h2 class=\"text-center\" style=\"margin-top: 40px;\">Contributors</h2>\r\n<p class=\"text-center\">Shoutout to the folks who helped put this together</p>\r\n\r\n<div style=\"display: flex; justify-content: center;\">\r\n  \t<p style=\"color: #f5f5ff; background-color: #424cff; margin: 5px; padding: 2px 10px; border-radius: 10px;\">johng</p>\r\n\t<p style=\"color: #f5f5ff; background-color: #424cff; margin: 5px; padding: 2px 10px; border-radius: 10px;\">dementia</p>\r\n\t<p style=\"color: #f5f5ff; background-color: #424cff; margin: 5px; padding: 2px 10px; border-radius: 10px;\">greenkube</p>\r\n    <p style=\"color: #f5f5ff; background-color: #424cff; margin: 5px; padding: 2px 10px; border-radius: 10px;\">awong</p>\r\n    <p style=\"color: #f5f5ff; background-color: #424cff; margin: 5px; padding: 2px 10px; border-radius: 10px;\">dp</p>\r\n    <p style=\"color: #f5f5ff; background-color: #424cff; margin: 5px; padding: 2px 10px; border-radius: 10px;\">valkers</p>\r\n    <p style=\"color: #f5f5ff; background-color: #424cff; margin: 5px; padding: 2px 10px; border-radius: 10px;\">layala1023</p>\r\n</div>\r\n\r\n<script>\r\nvar countDownDate = new Date(\"Jan 14, 2022 15:00:00-08:00\").getTime();\r\n//var countDownDate = new Date(\"Jun 10, 2022 15:00:00-08:00\").getTime();\r\n  \r\nfunction update_date() {\r\n    var now = new Date().getTime();\r\n    var distance = countDownDate - now;\r\n\r\n    var days = Math.floor(distance / (1000 * 60 * 60 * 24));\r\n    var hours = Math.floor((distance % (1000 * 60 * 60 * 24)) / (1000 * 60 * 60));\r\n    var minutes = Math.floor((distance % (1000 * 60 * 60)) / (1000 * 60));\r\n    var seconds = Math.floor((distance % (1000 * 60)) / 1000);\r\n\r\n    document.getElementById(\"countdown\").innerHTML = days + \"d \" + hours + \"h \" + minutes + \"m \" + seconds + \"s \";\r\n\r\n    if (distance < 0) {\r\n        clearInterval(run);\r\n        document.getElementById(\"countdown\").innerHTML = \"Competition is open... GO!\";\r\n    }\r\n} var run = setInterval(update_date, 1000);\r\n</script>","draft":false,"hidden":false,"auth_required":false,"format":"markdown"}],"meta":{}}