{"count":160,"results":[{"id":3,"challenge_id":1,"user_id":2,"team_id":null},{"id":4,"challenge_id":2,"user_id":2,"team_id":null},{"id":5,"challenge_id":1,"user_id":3,"team_id":null},{"id":6,"challenge_id":2,"user_id":3,"team_id":null},{"id":9,"challenge_id":1,"user_id":1,"team_id":null},{"id":10,"challenge_id":2,"user_id":1,"team_id":null},{"id":11,"challenge_id":3,"user_id":1,"team_id":null},{"id":12,"challenge_id":4,"user_id":1,"team_id":null},{"id":13,"challenge_id":5,"user_id":1,"team_id":null},{"id":14,"challenge_id":6,"user_id":1,"team_id":null},{"id":15,"challenge_id":7,"user_id":1,"team_id":null},{"id":16,"challenge_id":10,"user_id":1,"team_id":null},{"id":17,"challenge_id":8,"user_id":1,"team_id":null},{"id":18,"challenge_id":9,"user_id":1,"team_id":null},{"id":19,"challenge_id":12,"user_id":1,"team_id":null},{"id":20,"challenge_id":11,"user_id":1,"team_id":null},{"id":21,"challenge_id":13,"user_id":1,"team_id":null},{"id":23,"challenge_id":14,"user_id":1,"team_id":null},{"id":24,"challenge_id":15,"user_id":1,"team_id":null},{"id":25,"challenge_id":16,"user_id":1,"team_id":null},{"id":26,"challenge_id":17,"user_id":1,"team_id":null},{"id":27,"challenge_id":18,"user_id":1,"team_id":null},{"id":28,"challenge_id":19,"user_id":1,"team_id":null},{"id":29,"challenge_id":3,"user_id":2,"team_id":null},{"id":30,"challenge_id":4,"user_id":2,"team_id":null},{"id":33,"challenge_id":5,"user_id":2,"team_id":null},{"id":36,"challenge_id":8,"user_id":4,"team_id":null},{"id":37,"challenge_id":9,"user_id":4,"team_id":null},{"id":38,"challenge_id":10,"user_id":4,"team_id":null},{"id":43,"challenge_id":15,"user_id":4,"team_id":null},{"id":44,"challenge_id":1,"user_id":5,"team_id":null},{"id":45,"challenge_id":2,"user_id":4,"team_id":null},{"id":46,"challenge_id":2,"user_id":5,"team_id":null},{"id":47,"challenge_id":3,"user_id":4,"team_id":null},{"id":48,"challenge_id":6,"user_id":2,"team_id":null},{"id":49,"challenge_id":3,"user_id":5,"team_id":null},{"id":50,"challenge_id":4,"user_id":5,"team_id":null},{"id":52,"challenge_id":5,"user_id":5,"team_id":null},{"id":53,"challenge_id":6,"user_id":5,"team_id":null},{"id":54,"challenge_id":7,"user_id":5,"team_id":null},{"id":55,"challenge_id":4,"user_id":4,"team_id":null},{"id":56,"challenge_id":5,"user_id":4,"team_id":null},{"id":57,"challenge_id":8,"user_id":5,"team_id":null},{"id":58,"challenge_id":9,"user_id":5,"team_id":null},{"id":59,"challenge_id":10,"user_id":5,"team_id":null},{"id":60,"challenge_id":11,"user_id":5,"team_id":null},{"id":61,"challenge_id":7,"user_id":2,"team_id":null},{"id":67,"challenge_id":14,"user_id":5,"team_id":null},{"id":68,"challenge_id":15,"user_id":5,"team_id":null},{"id":69,"challenge_id":16,"user_id":5,"team_id":null},{"id":70,"challenge_id":17,"user_id":5,"team_id":null},{"id":71,"challenge_id":6,"user_id":4,"team_id":null},{"id":74,"challenge_id":12,"user_id":5,"team_id":null},{"id":75,"challenge_id":26,"user_id":1,"team_id":null},{"id":76,"challenge_id":27,"user_id":1,"team_id":null},{"id":77,"challenge_id":28,"user_id":1,"team_id":null},{"id":81,"challenge_id":29,"user_id":1,"team_id":null},{"id":82,"challenge_id":30,"user_id":1,"team_id":null},{"id":84,"challenge_id":11,"user_id":4,"team_id":null},{"id":85,"challenge_id":7,"user_id":4,"team_id":null},{"id":86,"challenge_id":18,"user_id":5,"team_id":null},{"id":89,"challenge_id":12,"user_id":4,"team_id":null},{"id":92,"challenge_id":21,"user_id":5,"team_id":null},{"id":93,"challenge_id":26,"user_id":6,"team_id":null},{"id":94,"challenge_id":29,"user_id":6,"team_id":null},{"id":96,"challenge_id":1,"user_id":7,"team_id":null},{"id":97,"challenge_id":2,"user_id":7,"team_id":null},{"id":98,"challenge_id":3,"user_id":7,"team_id":null},{"id":99,"challenge_id":9,"user_id":7,"team_id":null},{"id":100,"challenge_id":8,"user_id":7,"team_id":null},{"id":101,"challenge_id":8,"user_id":8,"team_id":null},{"id":102,"challenge_id":9,"user_id":8,"team_id":null},{"id":103,"challenge_id":10,"user_id":8,"team_id":null},{"id":104,"challenge_id":11,"user_id":8,"team_id":null},{"id":105,"challenge_id":12,"user_id":8,"team_id":null},{"id":107,"challenge_id":2,"user_id":8,"team_id":null},{"id":108,"challenge_id":3,"user_id":8,"team_id":null},{"id":109,"challenge_id":4,"user_id":8,"team_id":null},{"id":110,"challenge_id":5,"user_id":8,"team_id":null},{"id":111,"challenge_id":6,"user_id":8,"team_id":null},{"id":112,"challenge_id":7,"user_id":8,"team_id":null},{"id":115,"challenge_id":21,"user_id":8,"team_id":null},{"id":118,"challenge_id":22,"user_id":8,"team_id":null},{"id":119,"challenge_id":24,"user_id":8,"team_id":null},{"id":120,"challenge_id":26,"user_id":8,"team_id":null},{"id":121,"challenge_id":27,"user_id":8,"team_id":null},{"id":122,"challenge_id":14,"user_id":8,"team_id":null},{"id":123,"challenge_id":15,"user_id":8,"team_id":null},{"id":124,"challenge_id":16,"user_id":8,"team_id":null},{"id":127,"challenge_id":25,"user_id":8,"team_id":null},{"id":129,"challenge_id":13,"user_id":8,"team_id":null},{"id":130,"challenge_id":31,"user_id":8,"team_id":null},{"id":131,"challenge_id":23,"user_id":8,"team_id":null},{"id":132,"challenge_id":28,"user_id":8,"team_id":null},{"id":133,"challenge_id":18,"user_id":8,"team_id":null},{"id":134,"challenge_id":10,"user_id":7,"team_id":null},{"id":135,"challenge_id":14,"user_id":7,"team_id":null},{"id":136,"challenge_id":15,"user_id":7,"team_id":null},{"id":137,"challenge_id":20,"user_id":7,"team_id":null},{"id":138,"challenge_id":21,"user_id":7,"team_id":null},{"id":140,"challenge_id":22,"user_id":7,"team_id":null},{"id":141,"challenge_id":16,"user_id":7,"team_id":null},{"id":143,"challenge_id":17,"user_id":7,"team_id":null},{"id":144,"challenge_id":18,"user_id":7,"team_id":null},{"id":145,"challenge_id":20,"user_id":6,"team_id":null},{"id":146,"challenge_id":21,"user_id":6,"team_id":null},{"id":156,"challenge_id":4,"user_id":7,"team_id":null},{"id":157,"challenge_id":22,"user_id":6,"team_id":null},{"id":158,"challenge_id":5,"user_id":7,"team_id":null},{"id":159,"challenge_id":23,"user_id":6,"team_id":null},{"id":160,"challenge_id":24,"user_id":6,"team_id":null},{"id":163,"challenge_id":27,"user_id":7,"team_id":null},{"id":164,"challenge_id":14,"user_id":6,"team_id":null},{"id":165,"challenge_id":15,"user_id":6,"team_id":null},{"id":166,"challenge_id":16,"user_id":6,"team_id":null},{"id":168,"challenge_id":17,"user_id":6,"team_id":null},{"id":169,"challenge_id":18,"user_id":6,"team_id":null},{"id":170,"challenge_id":19,"user_id":6,"team_id":null},{"id":171,"challenge_id":1,"user_id":6,"team_id":null},{"id":172,"challenge_id":2,"user_id":6,"team_id":null},{"id":173,"challenge_id":3,"user_id":6,"team_id":null},{"id":174,"challenge_id":4,"user_id":6,"team_id":null},{"id":175,"challenge_id":5,"user_id":6,"team_id":null},{"id":181,"challenge_id":20,"user_id":5,"team_id":null},{"id":182,"challenge_id":31,"user_id":1,"team_id":null},{"id":188,"challenge_id":22,"user_id":5,"team_id":null},{"id":189,"challenge_id":28,"user_id":6,"team_id":null},{"id":190,"challenge_id":27,"user_id":6,"team_id":null},{"id":191,"challenge_id":30,"user_id":6,"team_id":null},{"id":192,"challenge_id":8,"user_id":6,"team_id":null},{"id":193,"challenge_id":9,"user_id":6,"team_id":null},{"id":194,"challenge_id":10,"user_id":6,"team_id":null},{"id":195,"challenge_id":20,"user_id":1,"team_id":null},{"id":196,"challenge_id":21,"user_id":1,"team_id":null},{"id":197,"challenge_id":22,"user_id":1,"team_id":null},{"id":198,"challenge_id":23,"user_id":1,"team_id":null},{"id":199,"challenge_id":24,"user_id":1,"team_id":null},{"id":200,"challenge_id":25,"user_id":1,"team_id":null},{"id":203,"challenge_id":24,"user_id":7,"team_id":null},{"id":204,"challenge_id":26,"user_id":7,"team_id":null},{"id":205,"challenge_id":6,"user_id":7,"team_id":null},{"id":206,"challenge_id":7,"user_id":7,"team_id":null},{"id":207,"challenge_id":11,"user_id":7,"team_id":null},{"id":216,"challenge_id":12,"user_id":7,"team_id":null},{"id":217,"challenge_id":23,"user_id":7,"team_id":null},{"id":218,"challenge_id":30,"user_id":8,"team_id":null},{"id":221,"challenge_id":20,"user_id":8,"team_id":null},{"id":223,"challenge_id":20,"user_id":2,"team_id":null},{"id":224,"challenge_id":21,"user_id":2,"team_id":null},{"id":225,"challenge_id":22,"user_id":2,"team_id":null},{"id":226,"challenge_id":23,"user_id":2,"team_id":null},{"id":227,"challenge_id":19,"user_id":8,"team_id":null},{"id":228,"challenge_id":24,"user_id":2,"team_id":null},{"id":229,"challenge_id":30,"user_id":7,"team_id":null},{"id":235,"challenge_id":25,"user_id":2,"team_id":null},{"id":236,"challenge_id":31,"user_id":7,"team_id":null},{"id":237,"challenge_id":28,"user_id":7,"team_id":null},{"id":238,"challenge_id":19,"user_id":7,"team_id":null},{"id":240,"challenge_id":29,"user_id":7,"team_id":null},{"id":241,"challenge_id":13,"user_id":4,"team_id":null}],"meta":{}}