{"count":241,"results":[{"id":1,"challenge_id":1,"user_id":2,"team_id":null,"ip":"","provided":"{have_you_got_what_it_takes?}","type":"incorrect","date":"2022-01-06T21:02:56.609277"},{"id":2,"challenge_id":1,"user_id":2,"team_id":null,"ip":"","provided":"flag{have_you_got_what_it_takes?}","type":"incorrect","date":"2022-01-06T21:03:04.980394"},{"id":3,"challenge_id":1,"user_id":2,"team_id":null,"ip":"","provided":"FBC{have_you_got_what_it_takes?}","type":"correct","date":"2022-01-06T21:03:35.291418"},{"id":4,"challenge_id":2,"user_id":2,"team_id":null,"ip":"","provided":"FBC{looks_like_you're_a_real_detective}","type":"correct","date":"2022-01-06T21:05:46.670552"},{"id":5,"challenge_id":1,"user_id":3,"team_id":null,"ip":"","provided":"FBC{have_you_got_what_it_takes?}","type":"correct","date":"2022-01-06T22:04:15.412018"},{"id":6,"challenge_id":2,"user_id":3,"team_id":null,"ip":"","provided":"FBC{looks_like_you're_a_real_detective}","type":"correct","date":"2022-01-06T22:05:19.698373"},{"id":7,"challenge_id":3,"user_id":2,"team_id":null,"ip":"","provided":"FBC{WEBEX: Meme Gallery}","type":"incorrect","date":"2022-01-06T22:09:17.821858"},{"id":8,"challenge_id":3,"user_id":2,"team_id":null,"ip":"","provided":"FBC{FBC WEBEX: Meme Gallery}","type":"incorrect","date":"2022-01-06T22:10:35.752136"},{"id":9,"challenge_id":1,"user_id":1,"team_id":null,"ip":"","provided":"FBC{have_you_got_what_it_takes?}","type":"correct","date":"2022-01-06T22:55:24.211734"},{"id":10,"challenge_id":2,"user_id":1,"team_id":null,"ip":"","provided":"FBC{looks_like_you're_a_real_detective}","type":"correct","date":"2022-01-06T22:55:51.215679"},{"id":11,"challenge_id":3,"user_id":1,"team_id":null,"ip":"","provided":"FBC{use_your_head_check_out_the_headers}","type":"correct","date":"2022-01-06T22:56:34.461332"},{"id":12,"challenge_id":4,"user_id":1,"team_id":null,"ip":"","provided":"FBC{GETm_outta_here}","type":"correct","date":"2022-01-06T22:57:11.078082"},{"id":13,"challenge_id":5,"user_id":1,"team_id":null,"ip":"","provided":"FBC{why_do_we_want_to_stop_spiders_anyways?}","type":"correct","date":"2022-01-06T22:57:57.151247"},{"id":14,"challenge_id":6,"user_id":1,"team_id":null,"ip":"","provided":"FBC{ill_get_to_it_when_i_get_to_it}","type":"correct","date":"2022-01-06T22:58:27.806005"},{"id":15,"challenge_id":7,"user_id":1,"team_id":null,"ip":"","provided":"FBC{gimme_that_real_john_hancock}","type":"correct","date":"2022-01-06T22:58:46.061995"},{"id":16,"challenge_id":10,"user_id":1,"team_id":null,"ip":"","provided":"FBC{faster_and_more_furious}","type":"correct","date":"2022-01-07T03:38:14.274252"},{"id":17,"challenge_id":8,"user_id":1,"team_id":null,"ip":"","provided":"FBC{WaIt_bUt_ThAtS_nOt_An_ExE}","type":"correct","date":"2022-01-07T04:12:41.495475"},{"id":18,"challenge_id":9,"user_id":1,"team_id":null,"ip":"","provided":"FBC{the_world_runs_on_sockets}","type":"correct","date":"2022-01-07T04:13:07.157869"},{"id":19,"challenge_id":12,"user_id":1,"team_id":null,"ip":"","provided":"FBC{fire_and_forget}","type":"correct","date":"2022-01-07T04:42:55.331093"},{"id":20,"challenge_id":11,"user_id":1,"team_id":null,"ip":"","provided":"FBC{WOAH_you_shouldnt_be_able_to_overwrite_THAT}","type":"correct","date":"2022-01-07T04:43:06.261243"},{"id":21,"challenge_id":13,"user_id":1,"team_id":null,"ip":"","provided":"FBC{go_google_ret2win}","type":"correct","date":"2022-01-07T04:49:47.520897"},{"id":22,"challenge_id":14,"user_id":1,"team_id":null,"ip":"","provided":"THEY_DEFINITELY_SAID_THIS_SHIP_CAN'T_SINK","type":"incorrect","date":"2022-01-07T12:03:07.367729"},{"id":23,"challenge_id":14,"user_id":1,"team_id":null,"ip":"","provided":"THEY_DEFINITELY_SAID_THIS_SHIP_CAN'T_SINK","type":"correct","date":"2022-01-07T12:03:33.910374"},{"id":24,"challenge_id":15,"user_id":1,"team_id":null,"ip":"","provided":"FBC{looks_even_more_like_a_FLAG_now_doesn't_it}","type":"correct","date":"2022-01-07T12:03:58.958068"},{"id":25,"challenge_id":16,"user_id":1,"team_id":null,"ip":"","provided":"FBC{xor_is_the_backbone_of_modern_cryptography}","type":"correct","date":"2022-01-07T12:05:25.449983"},{"id":26,"challenge_id":17,"user_id":1,"team_id":null,"ip":"","provided":"HOWS_YOUR_PATTERN_RECOGNITION_NOW?","type":"correct","date":"2022-01-07T12:06:33.518131"},{"id":27,"challenge_id":18,"user_id":1,"team_id":null,"ip":"","provided":"FBC{why_not_try_them_all?}","type":"correct","date":"2022-01-07T12:07:06.672504"},{"id":28,"challenge_id":19,"user_id":1,"team_id":null,"ip":"","provided":"FBC{known_plaintext?_crib_your_way_to_victory}","type":"correct","date":"2022-01-07T12:08:58.497907"},{"id":29,"challenge_id":3,"user_id":2,"team_id":null,"ip":"","provided":"FBC{use_your_head_check_out_the_headers}","type":"correct","date":"2022-01-07T16:31:03.555934"},{"id":30,"challenge_id":4,"user_id":2,"team_id":null,"ip":"","provided":"FBC{GETm_outta_here}","type":"correct","date":"2022-01-07T16:48:18.886879"},{"id":31,"challenge_id":5,"user_id":2,"team_id":null,"ip":"","provided":"FBC{Robots.txt}","type":"incorrect","date":"2022-01-07T16:53:49.145437"},{"id":32,"challenge_id":5,"user_id":2,"team_id":null,"ip":"","provided":"FBC{robots.txt}","type":"incorrect","date":"2022-01-07T16:53:53.256397"},{"id":33,"challenge_id":5,"user_id":2,"team_id":null,"ip":"","provided":"FBC{why_do_we_want_to_stop_spiders_anyways?}","type":"correct","date":"2022-01-07T17:00:48.328972"},{"id":34,"challenge_id":8,"user_id":4,"team_id":null,"ip":"","provided":"WaIt_bUt_ThAtS_nOt_An_ExE","type":"incorrect","date":"2022-01-07T17:16:50.495433"},{"id":35,"challenge_id":8,"user_id":4,"team_id":null,"ip":"","provided":"fbc{WaIt_bUt_ThAtS_nOt_An_ExE}","type":"incorrect","date":"2022-01-07T17:17:02.830996"},{"id":36,"challenge_id":8,"user_id":4,"team_id":null,"ip":"","provided":"FBC{WaIt_bUt_ThAtS_nOt_An_ExE}","type":"correct","date":"2022-01-07T17:17:16.943342"},{"id":37,"challenge_id":9,"user_id":4,"team_id":null,"ip":"","provided":"FBC{the_world_runs_on_sockets}","type":"correct","date":"2022-01-07T17:22:09.200478"},{"id":38,"challenge_id":10,"user_id":4,"team_id":null,"ip":"","provided":"FBC{faster_and_more_furious}","type":"correct","date":"2022-01-07T18:04:42.054608"},{"id":39,"challenge_id":14,"user_id":4,"team_id":null,"ip":"","provided":"they_definitely_said_this_ship_can't_sink","type":"incorrect","date":"2022-01-07T18:15:26.989442"},{"id":40,"challenge_id":14,"user_id":4,"team_id":null,"ip":"","provided":"FBC{they_definitely_said_this_ship_can't_sink}","type":"incorrect","date":"2022-01-07T18:15:52.471702"},{"id":41,"challenge_id":14,"user_id":4,"team_id":null,"ip":"","provided":"FBC{they_definitely_said_this_ship_can't_sink}","type":"incorrect","date":"2022-01-07T18:16:00.677854"},{"id":42,"challenge_id":14,"user_id":4,"team_id":null,"ip":"","provided":"they_definitely_said_this_ship_can't_sink","type":"incorrect","date":"2022-01-07T18:16:08.424667"},{"id":43,"challenge_id":15,"user_id":4,"team_id":null,"ip":"","provided":"FBC{looks_even_more_like_a_FLAG_now_doesn't_it}","type":"correct","date":"2022-01-07T18:25:58.564302"},{"id":44,"challenge_id":1,"user_id":5,"team_id":null,"ip":"","provided":"FBC{have_you_got_what_it_takes?}","type":"correct","date":"2022-01-07T18:34:30.387702"},{"id":45,"challenge_id":2,"user_id":4,"team_id":null,"ip":"","provided":"FBC{looks_like_you're_a_real_detective}","type":"correct","date":"2022-01-07T18:35:33.971346"},{"id":46,"challenge_id":2,"user_id":5,"team_id":null,"ip":"","provided":"FBC{looks_like_you're_a_real_detective}","type":"correct","date":"2022-01-07T18:36:07.900485"},{"id":47,"challenge_id":3,"user_id":4,"team_id":null,"ip":"","provided":"FBC{use_your_head_check_out_the_headers}","type":"correct","date":"2022-01-07T18:41:45.326848"},{"id":48,"challenge_id":6,"user_id":2,"team_id":null,"ip":"","provided":"FBC{ill_get_to_it_when_i_get_to_it}","type":"correct","date":"2022-01-07T18:47:42.337076"},{"id":49,"challenge_id":3,"user_id":5,"team_id":null,"ip":"","provided":"FBC{use_your_head_check_out_the_headers}","type":"correct","date":"2022-01-07T18:48:04.825540"},{"id":50,"challenge_id":4,"user_id":5,"team_id":null,"ip":"","provided":"FBC{GETm_outta_here}","type":"correct","date":"2022-01-07T18:52:29.059168"},{"id":51,"challenge_id":5,"user_id":5,"team_id":null,"ip":"","provided":"BC{why_do_we_want_to_stop_spiders_anyways?}","type":"incorrect","date":"2022-01-07T18:54:08.706478"},{"id":52,"challenge_id":5,"user_id":5,"team_id":null,"ip":"","provided":"FBC{why_do_we_want_to_stop_spiders_anyways?}","type":"correct","date":"2022-01-07T18:54:16.114245"},{"id":53,"challenge_id":6,"user_id":5,"team_id":null,"ip":"","provided":"FBC{ill_get_to_it_when_i_get_to_it}","type":"correct","date":"2022-01-07T19:08:49.223958"},{"id":54,"challenge_id":7,"user_id":5,"team_id":null,"ip":"","provided":"FBC{gimme_that_real_john_hancock}","type":"correct","date":"2022-01-07T19:11:27.230210"},{"id":55,"challenge_id":4,"user_id":4,"team_id":null,"ip":"","provided":"FBC{GETm_outta_here}","type":"correct","date":"2022-01-07T19:19:52.082390"},{"id":56,"challenge_id":5,"user_id":4,"team_id":null,"ip":"","provided":"FBC{why_do_we_want_to_stop_spiders_anyways?}","type":"correct","date":"2022-01-07T19:20:56.510004"},{"id":57,"challenge_id":8,"user_id":5,"team_id":null,"ip":"","provided":"FBC{WaIt_bUt_ThAtS_nOt_An_ExE}","type":"correct","date":"2022-01-07T19:33:08.920921"},{"id":58,"challenge_id":9,"user_id":5,"team_id":null,"ip":"","provided":"FBC{the_world_runs_on_sockets}","type":"correct","date":"2022-01-07T19:57:42.146848"},{"id":59,"challenge_id":10,"user_id":5,"team_id":null,"ip":"","provided":"FBC{faster_and_more_furious}","type":"correct","date":"2022-01-07T20:10:38.584138"},{"id":60,"challenge_id":11,"user_id":5,"team_id":null,"ip":"","provided":"FBC{WOAH_you_shouldnt_be_able_to_overwrite_THAT}","type":"correct","date":"2022-01-07T20:26:07.099872"},{"id":61,"challenge_id":7,"user_id":2,"team_id":null,"ip":"","provided":"FBC{gimme_that_real_john_hancock}","type":"correct","date":"2022-01-07T20:27:39.304714"},{"id":62,"challenge_id":14,"user_id":5,"team_id":null,"ip":"","provided":"FBC{THEY_DEFINITELY_SAID_THIS_SHIP_CAN'T_SINK}","type":"incorrect","date":"2022-01-07T21:01:59.168877"},{"id":63,"challenge_id":14,"user_id":5,"team_id":null,"ip":"","provided":"FBC{they_definitely_said_this_ship_can't_sink}","type":"incorrect","date":"2022-01-07T21:02:41.906413"},{"id":64,"challenge_id":14,"user_id":5,"team_id":null,"ip":"","provided":"FBC{THEY_DEFINITELY_SAID_THIS_SHIP_CAN'T_SINK}","type":"incorrect","date":"2022-01-07T21:02:50.380465"},{"id":65,"challenge_id":14,"user_id":5,"team_id":null,"ip":"","provided":"FBC{THEY_DEFINITELY_SAID_THIS_SHIP_CANT_SINK}","type":"incorrect","date":"2022-01-07T21:02:56.607464"},{"id":66,"challenge_id":14,"user_id":5,"team_id":null,"ip":"","provided":"FBC{they_definitely_said_this_ship_cant_sink}","type":"incorrect","date":"2022-01-07T21:03:07.850423"},{"id":67,"challenge_id":14,"user_id":5,"team_id":null,"ip":"","provided":"THEY_DEFINITELY_SAID_THIS_SHIP_CAN'T_SINK","type":"correct","date":"2022-01-07T21:04:06.857913"},{"id":68,"challenge_id":15,"user_id":5,"team_id":null,"ip":"","provided":"FBC{looks_even_more_like_a_FLAG_now_doesn't_it}","type":"correct","date":"2022-01-07T21:09:40.449272"},{"id":69,"challenge_id":16,"user_id":5,"team_id":null,"ip":"","provided":"FBC{xor_is_the_backbone_of_modern_cryptography}","type":"correct","date":"2022-01-07T21:14:59.744172"},{"id":70,"challenge_id":17,"user_id":5,"team_id":null,"ip":"","provided":"HOWS_YOUR_PATTERN_RECOGNITION_NOW?","type":"correct","date":"2022-01-07T21:16:33.837755"},{"id":71,"challenge_id":6,"user_id":4,"team_id":null,"ip":"","provided":"FBC{ill_get_to_it_when_i_get_to_it}","type":"correct","date":"2022-01-07T22:14:01.906951"},{"id":72,"challenge_id":12,"user_id":5,"team_id":null,"ip":"","provided":"FBC{now_this_REALLY_seems_like_a_problem}","type":"incorrect","date":"2022-01-07T22:30:24.329012"},{"id":73,"challenge_id":12,"user_id":5,"team_id":null,"ip":"","provided":"FBC{now_this_REALLY_seems_like_a_problem}","type":"incorrect","date":"2022-01-07T22:30:46.561200"},{"id":74,"challenge_id":12,"user_id":5,"team_id":null,"ip":"","provided":"FBC{now_this_REALLY_seems_like_a_problem}","type":"correct","date":"2022-01-07T22:33:17.590594"},{"id":75,"challenge_id":26,"user_id":1,"team_id":null,"ip":"","provided":"FBC{now_thats_what_i_call_ascii}","type":"correct","date":"2022-01-07T22:41:32.212921"},{"id":76,"challenge_id":27,"user_id":1,"team_id":null,"ip":"","provided":"FBC{this_is_where_it_all_begins}","type":"correct","date":"2022-01-07T22:42:03.575841"},{"id":77,"challenge_id":28,"user_id":1,"team_id":null,"ip":"","provided":"FBC{feline_meme_vault}","type":"correct","date":"2022-01-07T22:42:25.872563"},{"id":78,"challenge_id":29,"user_id":1,"team_id":null,"ip":"","provided":"FBC{wireshark_is_a_protocol_analyzer}","type":"incorrect","date":"2022-01-07T22:44:43.116094"},{"id":79,"challenge_id":29,"user_id":1,"team_id":null,"ip":"","provided":"FBC{wireshark_is_a_protocol_analyzer}","type":"incorrect","date":"2022-01-07T22:45:17.617916"},{"id":80,"challenge_id":29,"user_id":1,"team_id":null,"ip":"","provided":"FBC{wireshark_is_a_protocol_analyzer}","type":"incorrect","date":"2022-01-07T22:46:18.078175"},{"id":81,"challenge_id":29,"user_id":1,"team_id":null,"ip":"","provided":"FBC{wireshark_is_a_protocol_analyzer}","type":"correct","date":"2022-01-07T22:46:53.905772"},{"id":82,"challenge_id":30,"user_id":1,"team_id":null,"ip":"","provided":"FBC{images_aren't_pictures_in_my_world}","type":"correct","date":"2022-01-07T22:49:18.169166"},{"id":83,"challenge_id":13,"user_id":5,"team_id":null,"ip":"","provided":"flag{placeholder_flag}","type":"incorrect","date":"2022-01-07T23:14:58.151189"},{"id":84,"challenge_id":11,"user_id":4,"team_id":null,"ip":"","provided":"FBC{WOAH_you_shouldnt_be_able_to_overwrite_THAT}","type":"correct","date":"2022-01-08T00:02:18.703415"},{"id":85,"challenge_id":7,"user_id":4,"team_id":null,"ip":"","provided":"FBC{gimme_that_real_john_hancock}","type":"correct","date":"2022-01-08T00:39:26.897288"},{"id":86,"challenge_id":18,"user_id":5,"team_id":null,"ip":"","provided":"FBC{why_not_try_them_all?}","type":"correct","date":"2022-01-08T00:47:33.123060"},{"id":87,"challenge_id":20,"user_id":5,"team_id":null,"ip":"","provided":"FBC{2022-01-04 15:45:04}","type":"incorrect","date":"2022-01-08T02:34:39.300186"},{"id":88,"challenge_id":20,"user_id":5,"team_id":null,"ip":"","provided":"FBC{2022-01-04 15:45:03}","type":"incorrect","date":"2022-01-08T02:34:43.527187"},{"id":89,"challenge_id":12,"user_id":4,"team_id":null,"ip":"","provided":"FBC{now_this_REALLY_seems_like_a_problem}","type":"correct","date":"2022-01-08T02:47:34.131576"},{"id":90,"challenge_id":21,"user_id":5,"team_id":null,"ip":"","provided":"FBC{100}","type":"incorrect","date":"2022-01-08T02:49:26.803318"},{"id":91,"challenge_id":21,"user_id":5,"team_id":null,"ip":"","provided":"FBC{144}","type":"incorrect","date":"2022-01-08T02:49:50.080613"},{"id":92,"challenge_id":21,"user_id":5,"team_id":null,"ip":"","provided":"FBC{1024}","type":"correct","date":"2022-01-08T03:04:04.829033"},{"id":93,"challenge_id":26,"user_id":6,"team_id":null,"ip":"","provided":"FBC{now_thats_what_i_call_ascii}","type":"correct","date":"2022-01-08T03:41:47.822943"},{"id":94,"challenge_id":29,"user_id":6,"team_id":null,"ip":"","provided":"fbc[wireshark-is-a-protocol-analyzer]","type":"correct","date":"2022-01-08T16:25:50.319330"},{"id":95,"challenge_id":1,"user_id":7,"team_id":null,"ip":"","provided":"FBC{have_you_got_what_it_takes}","type":"incorrect","date":"2022-01-08T17:39:31.875162"},{"id":96,"challenge_id":1,"user_id":7,"team_id":null,"ip":"","provided":"FBC{have_you_got_what_it_takes?}","type":"correct","date":"2022-01-08T17:39:47.864252"},{"id":97,"challenge_id":2,"user_id":7,"team_id":null,"ip":"","provided":"FBC{looks_like_you're_a_real_detective}","type":"correct","date":"2022-01-08T17:40:52.158085"},{"id":98,"challenge_id":3,"user_id":7,"team_id":null,"ip":"","provided":"FBC{use_your_head_check_out_the_headers}","type":"correct","date":"2022-01-08T17:42:07.554849"},{"id":99,"challenge_id":9,"user_id":7,"team_id":null,"ip":"","provided":"FBC{the_world_runs_on_sockets}","type":"correct","date":"2022-01-08T17:45:47.788218"},{"id":100,"challenge_id":8,"user_id":7,"team_id":null,"ip":"","provided":"FBC{WaIt_bUt_ThAtS_nOt_An_ExE}","type":"correct","date":"2022-01-08T17:47:09.891132"},{"id":101,"challenge_id":8,"user_id":8,"team_id":null,"ip":"","provided":"FBC{WaIt_bUt_ThAtS_nOt_An_ExE}","type":"correct","date":"2022-01-08T18:39:25.702817"},{"id":102,"challenge_id":9,"user_id":8,"team_id":null,"ip":"","provided":"FBC{the_world_runs_on_sockets}","type":"correct","date":"2022-01-08T18:41:28.876592"},{"id":103,"challenge_id":10,"user_id":8,"team_id":null,"ip":"","provided":"FBC{faster_and_more_furious}","type":"correct","date":"2022-01-08T18:50:24.068547"},{"id":104,"challenge_id":11,"user_id":8,"team_id":null,"ip":"","provided":"FBC{WOAH_you_shouldnt_be_able_to_overwrite_THAT}","type":"correct","date":"2022-01-08T18:51:47.436029"},{"id":105,"challenge_id":12,"user_id":8,"team_id":null,"ip":"","provided":"FBC{now_this_REALLY_seems_like_a_problem}","type":"correct","date":"2022-01-08T18:56:57.471819"},{"id":106,"challenge_id":13,"user_id":8,"team_id":null,"ip":"","provided":"flag{placeholder_flag}","type":"incorrect","date":"2022-01-08T19:15:55.128276"},{"id":107,"challenge_id":2,"user_id":8,"team_id":null,"ip":"","provided":"FBC{looks_like_you're_a_real_detective}","type":"correct","date":"2022-01-08T19:18:19.387440"},{"id":108,"challenge_id":3,"user_id":8,"team_id":null,"ip":"","provided":"FBC{use_your_head_check_out_the_headers}","type":"correct","date":"2022-01-08T19:19:42.977004"},{"id":109,"challenge_id":4,"user_id":8,"team_id":null,"ip":"","provided":"FBC{GETm_outta_here}","type":"correct","date":"2022-01-08T19:20:50.857329"},{"id":110,"challenge_id":5,"user_id":8,"team_id":null,"ip":"","provided":"FBC{why_do_we_want_to_stop_spiders_anyways?}","type":"correct","date":"2022-01-08T19:21:26.716121"},{"id":111,"challenge_id":6,"user_id":8,"team_id":null,"ip":"","provided":"FBC{ill_get_to_it_when_i_get_to_it}","type":"correct","date":"2022-01-08T19:24:52.406471"},{"id":112,"challenge_id":7,"user_id":8,"team_id":null,"ip":"","provided":"FBC{gimme_that_real_john_hancock}","type":"correct","date":"2022-01-08T19:27:58.434584"},{"id":113,"challenge_id":20,"user_id":8,"team_id":null,"ip":"","provided":"FBC{2022-01-04 13:14:03}","type":"incorrect","date":"2022-01-08T19:30:45.614350"},{"id":114,"challenge_id":21,"user_id":8,"team_id":null,"ip":"","provided":"FBC{1022}","type":"incorrect","date":"2022-01-08T19:31:44.560280"},{"id":115,"challenge_id":21,"user_id":8,"team_id":null,"ip":"","provided":"FBC{1024}","type":"correct","date":"2022-01-08T19:31:47.827730"},{"id":116,"challenge_id":22,"user_id":8,"team_id":null,"ip":"","provided":"fbc{break_out_the_phonebook_billy}.scyca.org","type":"incorrect","date":"2022-01-08T19:33:37.485702"},{"id":117,"challenge_id":22,"user_id":8,"team_id":null,"ip":"","provided":"fbc{break_out_the_phonebook_billy}","type":"incorrect","date":"2022-01-08T19:33:41.370449"},{"id":118,"challenge_id":22,"user_id":8,"team_id":null,"ip":"","provided":"FBC{break_out_the_phonebook_billy}","type":"correct","date":"2022-01-08T19:34:12.394026"},{"id":119,"challenge_id":24,"user_id":8,"team_id":null,"ip":"","provided":"FBC{kinda_secure_shell}","type":"correct","date":"2022-01-08T19:39:04.685551"},{"id":120,"challenge_id":26,"user_id":8,"team_id":null,"ip":"","provided":"FBC{now_thats_what_i_call_ascii}","type":"correct","date":"2022-01-08T19:42:51.813797"},{"id":121,"challenge_id":27,"user_id":8,"team_id":null,"ip":"","provided":"FBC{this_is_where_it_all_begins}","type":"correct","date":"2022-01-08T19:44:32.263993"},{"id":122,"challenge_id":14,"user_id":8,"team_id":null,"ip":"","provided":"THEY_DEFINITELY_SAID_THIS_SHIP_CAN'T_SINK","type":"correct","date":"2022-01-08T19:49:42.273286"},{"id":123,"challenge_id":15,"user_id":8,"team_id":null,"ip":"","provided":"FBC{looks_even_more_like_a_FLAG_now_doesn't_it}","type":"correct","date":"2022-01-08T19:50:46.997869"},{"id":124,"challenge_id":16,"user_id":8,"team_id":null,"ip":"","provided":"FBC{xor_is_the_backbone_of_modern_cryptography}","type":"correct","date":"2022-01-08T19:59:22.770430"},{"id":125,"challenge_id":20,"user_id":8,"team_id":null,"ip":"","provided":"FBC{2022-01-08 8:45:03}","type":"incorrect","date":"2022-01-08T20:07:57.683537"},{"id":126,"challenge_id":20,"user_id":8,"team_id":null,"ip":"","provided":"FBC{2022-01-08 20:45:03}","type":"incorrect","date":"2022-01-08T20:08:02.498786"},{"id":127,"challenge_id":25,"user_id":8,"team_id":null,"ip":"","provided":"FBC{fire_and_forget}","type":"correct","date":"2022-01-08T20:17:06.945043"},{"id":128,"challenge_id":13,"user_id":8,"team_id":null,"ip":"","provided":"flag{go_google_ret2win}","type":"incorrect","date":"2022-01-08T20:18:34.396095"},{"id":129,"challenge_id":13,"user_id":8,"team_id":null,"ip":"","provided":"FBC{go_google_ret2win}","type":"correct","date":"2022-01-08T20:19:29.845875"},{"id":130,"challenge_id":31,"user_id":8,"team_id":null,"ip":"","provided":"flag{mission_not_that_impossible}","type":"correct","date":"2022-01-08T20:32:19.130467"},{"id":131,"challenge_id":23,"user_id":8,"team_id":null,"ip":"","provided":"FBC{meme_extraction_is_the_real_art}","type":"correct","date":"2022-01-08T21:32:51.689148"},{"id":132,"challenge_id":28,"user_id":8,"team_id":null,"ip":"","provided":"FBC{feline_meme_vault}","type":"correct","date":"2022-01-08T21:35:52.066030"},{"id":133,"challenge_id":18,"user_id":8,"team_id":null,"ip":"","provided":"FBC{why_not_try_them_all?}","type":"correct","date":"2022-01-08T21:41:27.131451"},{"id":134,"challenge_id":10,"user_id":7,"team_id":null,"ip":"","provided":"FBC{faster_and_more_furious}","type":"correct","date":"2022-01-08T23:01:27.483110"},{"id":135,"challenge_id":14,"user_id":7,"team_id":null,"ip":"","provided":"THEY_DEFINITELY_SAID_THIS_SHIP_CAN'T_SINK","type":"correct","date":"2022-01-08T23:02:08.905136"},{"id":136,"challenge_id":15,"user_id":7,"team_id":null,"ip":"","provided":"FBC{looks_even_more_like_a_FLAG_now_doesn't_it}","type":"correct","date":"2022-01-08T23:03:17.026584"},{"id":137,"challenge_id":20,"user_id":7,"team_id":null,"ip":"","provided":"FBC{2022-01-04 12:45:03}","type":"correct","date":"2022-01-08T23:05:41.431366"},{"id":138,"challenge_id":21,"user_id":7,"team_id":null,"ip":"","provided":"FBC{1024}","type":"correct","date":"2022-01-08T23:06:10.346034"},{"id":139,"challenge_id":22,"user_id":7,"team_id":null,"ip":"","provided":"fbc{break_out_the_phonebook_billy}","type":"incorrect","date":"2022-01-08T23:10:44.834367"},{"id":140,"challenge_id":22,"user_id":7,"team_id":null,"ip":"","provided":"FBC{break_out_the_phonebook_billy}","type":"correct","date":"2022-01-08T23:10:48.684541"},{"id":141,"challenge_id":16,"user_id":7,"team_id":null,"ip":"","provided":"FBC{xor_is_the_backbone_of_modern_cryptography}","type":"correct","date":"2022-01-08T23:16:16.547920"},{"id":142,"challenge_id":20,"user_id":6,"team_id":null,"ip":"","provided":"FBC{meme_extraction_is_the_real_art}","type":"incorrect","date":"2022-01-08T23:16:53.478447"},{"id":143,"challenge_id":17,"user_id":7,"team_id":null,"ip":"","provided":"HOWS_YOUR_PATTERN_RECOGNITION_NOW?","type":"correct","date":"2022-01-08T23:17:16.200400"},{"id":144,"challenge_id":18,"user_id":7,"team_id":null,"ip":"","provided":"FBC{why_not_try_them_all?}","type":"correct","date":"2022-01-08T23:18:10.884715"},{"id":145,"challenge_id":20,"user_id":6,"team_id":null,"ip":"","provided":"FBC{2022-01-04 12:45:03}","type":"correct","date":"2022-01-08T23:19:06.685321"},{"id":146,"challenge_id":21,"user_id":6,"team_id":null,"ip":"","provided":"FBC{1024}","type":"correct","date":"2022-01-08T23:20:09.002039"},{"id":147,"challenge_id":26,"user_id":7,"team_id":null,"ip":"","provided":"FBC{Ding_Ding_Ding_You_Found_The_String}","type":"incorrect","date":"2022-01-08T23:21:01.175868"},{"id":148,"challenge_id":26,"user_id":7,"team_id":null,"ip":"","provided":"flag{Ding_Ding_Ding_You_Found_The_String}","type":"incorrect","date":"2022-01-08T23:21:08.240855"},{"id":149,"challenge_id":26,"user_id":7,"team_id":null,"ip":"","provided":"Ding_Ding_Ding_You_Found_The_String","type":"incorrect","date":"2022-01-08T23:21:14.391412"},{"id":150,"challenge_id":22,"user_id":6,"team_id":null,"ip":"","provided":"FBC{Resolved Addresses}","type":"incorrect","date":"2022-01-08T23:24:07.771406"},{"id":151,"challenge_id":22,"user_id":6,"team_id":null,"ip":"","provided":"Resolved Addresses","type":"incorrect","date":"2022-01-08T23:24:13.001888"},{"id":152,"challenge_id":22,"user_id":6,"team_id":null,"ip":"","provided":"Stastistics/Resolved Addresses","type":"incorrect","date":"2022-01-08T23:24:37.449004"},{"id":153,"challenge_id":23,"user_id":6,"team_id":null,"ip":"","provided":"FBC{flag.png}","type":"incorrect","date":"2022-01-08T23:27:17.789403"},{"id":154,"challenge_id":24,"user_id":6,"team_id":null,"ip":"","provided":"FBC{meme_extraction_is_the_real_art}","type":"incorrect","date":"2022-01-08T23:28:23.440702"},{"id":155,"challenge_id":22,"user_id":6,"team_id":null,"ip":"","provided":"fbc{break_out_the_phonebook_billy}","type":"incorrect","date":"2022-01-08T23:30:22.001346"},{"id":156,"challenge_id":4,"user_id":7,"team_id":null,"ip":"","provided":"FBC{GETm_outta_here}","type":"correct","date":"2022-01-08T23:30:57.185110"},{"id":157,"challenge_id":22,"user_id":6,"team_id":null,"ip":"","provided":"FBC{break_out_the_phonebook_billy}","type":"correct","date":"2022-01-08T23:31:01.537239"},{"id":158,"challenge_id":5,"user_id":7,"team_id":null,"ip":"","provided":"FBC{why_do_we_want_to_stop_spiders_anyways?}","type":"correct","date":"2022-01-08T23:31:17.749283"},{"id":159,"challenge_id":23,"user_id":6,"team_id":null,"ip":"","provided":"FBC{meme_extraction_is_the_real_art}","type":"correct","date":"2022-01-08T23:31:41.728218"},{"id":160,"challenge_id":24,"user_id":6,"team_id":null,"ip":"","provided":"FBC{kinda_secure_shell}","type":"correct","date":"2022-01-08T23:34:47.739626"},{"id":161,"challenge_id":27,"user_id":7,"team_id":null,"ip":"","provided":"0x10a0","type":"incorrect","date":"2022-01-08T23:41:44.196969"},{"id":162,"challenge_id":27,"user_id":7,"team_id":null,"ip":"","provided":"FBC{0x10a0}","type":"incorrect","date":"2022-01-08T23:41:47.854949"},{"id":163,"challenge_id":27,"user_id":7,"team_id":null,"ip":"","provided":"FBC{this_is_where_it_all_begins}","type":"correct","date":"2022-01-08T23:42:12.688041"},{"id":164,"challenge_id":14,"user_id":6,"team_id":null,"ip":"","provided":"THEY_DEFINITELY_SAID_THIS_SHIP_CAN'T_SINK","type":"correct","date":"2022-01-08T23:55:52.585674"},{"id":165,"challenge_id":15,"user_id":6,"team_id":null,"ip":"","provided":"FBC{looks_even_more_like_a_FLAG_now_doesn't_it}","type":"correct","date":"2022-01-09T00:01:18.133204"},{"id":166,"challenge_id":16,"user_id":6,"team_id":null,"ip":"","provided":"FBC{xor_is_the_backbone_of_modern_cryptography}","type":"correct","date":"2022-01-09T00:16:23.533924"},{"id":167,"challenge_id":17,"user_id":6,"team_id":null,"ip":"","provided":"hows_your_pattern_recognition_now?","type":"incorrect","date":"2022-01-09T00:21:44.235995"},{"id":168,"challenge_id":17,"user_id":6,"team_id":null,"ip":"","provided":"HOWS_YOUR_PATTERN_RECOGNITION_NOW?","type":"correct","date":"2022-01-09T00:22:44.533275"},{"id":169,"challenge_id":18,"user_id":6,"team_id":null,"ip":"","provided":"FBC{why_not_try_them_all?}","type":"correct","date":"2022-01-09T00:34:04.167481"},{"id":170,"challenge_id":19,"user_id":6,"team_id":null,"ip":"","provided":"FBC{known_plaintext?_crib_your_way_to_victory}","type":"correct","date":"2022-01-09T00:41:56.153958"},{"id":171,"challenge_id":1,"user_id":6,"team_id":null,"ip":"","provided":"FBC{have_you_got_what_it_takes?}","type":"correct","date":"2022-01-09T00:43:28.870472"},{"id":172,"challenge_id":2,"user_id":6,"team_id":null,"ip":"","provided":"FBC{looks_like_you're_a_real_detective}","type":"correct","date":"2022-01-09T00:45:00.842276"},{"id":173,"challenge_id":3,"user_id":6,"team_id":null,"ip":"","provided":"FBC{use_your_head_check_out_the_headers}","type":"correct","date":"2022-01-09T00:46:11.639941"},{"id":174,"challenge_id":4,"user_id":6,"team_id":null,"ip":"","provided":"FBC{GETm_outta_here}","type":"correct","date":"2022-01-09T00:50:28.928854"},{"id":175,"challenge_id":5,"user_id":6,"team_id":null,"ip":"","provided":"FBC{why_do_we_want_to_stop_spiders_anyways?}","type":"correct","date":"2022-01-09T00:53:42.191139"},{"id":176,"challenge_id":20,"user_id":5,"team_id":null,"ip":"","provided":"FBC{2022-01-04 15:45:03}","type":"incorrect","date":"2022-01-09T01:42:54.555043"},{"id":177,"challenge_id":20,"user_id":5,"team_id":null,"ip":"","provided":"FBC{2022-01-04}","type":"incorrect","date":"2022-01-09T01:43:53.809984"},{"id":178,"challenge_id":20,"user_id":5,"team_id":null,"ip":"","provided":"FBC{2022-01-04 15:45:03}","type":"incorrect","date":"2022-01-09T01:44:03.537525"},{"id":179,"challenge_id":20,"user_id":5,"team_id":null,"ip":"","provided":"FBC{2022-01-04 15:45:03}","type":"incorrect","date":"2022-01-09T01:44:27.423616"},{"id":180,"challenge_id":20,"user_id":5,"team_id":null,"ip":"","provided":"FBC{2022-01-04 15:45:03}","type":"incorrect","date":"2022-01-09T01:44:33.069924"},{"id":181,"challenge_id":20,"user_id":5,"team_id":null,"ip":"","provided":"FBC{2022-01-04 15:45:03}","type":"correct","date":"2022-01-09T01:47:54.567486"},{"id":182,"challenge_id":31,"user_id":1,"team_id":null,"ip":"","provided":"flag{mission_not_that_impossible}","type":"correct","date":"2022-01-09T02:04:10.473960"},{"id":183,"challenge_id":22,"user_id":5,"team_id":null,"ip":"","provided":"fbc{break_out_the_phonebook_billy}","type":"incorrect","date":"2022-01-09T02:13:52.300958"},{"id":184,"challenge_id":22,"user_id":5,"team_id":null,"ip":"","provided":"fbc{break_out_the_phonebook_billy}","type":"incorrect","date":"2022-01-09T02:14:34.534184"},{"id":185,"challenge_id":23,"user_id":5,"team_id":null,"ip":"","provided":"fbc{break_out_the_phonebook_billy}","type":"incorrect","date":"2022-01-09T02:14:40.482516"},{"id":186,"challenge_id":24,"user_id":5,"team_id":null,"ip":"","provided":"fbc{break_out_the_phonebook_billy}","type":"incorrect","date":"2022-01-09T02:14:43.900450"},{"id":187,"challenge_id":25,"user_id":5,"team_id":null,"ip":"","provided":"fbc{break_out_the_phonebook_billy}","type":"incorrect","date":"2022-01-09T02:14:46.529524"},{"id":188,"challenge_id":22,"user_id":5,"team_id":null,"ip":"","provided":"FBC{break_out_the_phonebook_billy}","type":"correct","date":"2022-01-09T02:14:58.271749"},{"id":189,"challenge_id":28,"user_id":6,"team_id":null,"ip":"","provided":"FBC{feline_meme_vault}","type":"correct","date":"2022-01-09T02:25:09.880854"},{"id":190,"challenge_id":27,"user_id":6,"team_id":null,"ip":"","provided":"FBC{this_is_where_it_all_begins}","type":"correct","date":"2022-01-09T02:26:44.582040"},{"id":191,"challenge_id":30,"user_id":6,"team_id":null,"ip":"","provided":"FBC{images_aren't_pictures_in_my_world}","type":"correct","date":"2022-01-09T02:32:00.285920"},{"id":192,"challenge_id":8,"user_id":6,"team_id":null,"ip":"","provided":"FBC{WaIt_bUt_ThAtS_nOt_An_ExE}","type":"correct","date":"2022-01-09T03:00:59.986070"},{"id":193,"challenge_id":9,"user_id":6,"team_id":null,"ip":"","provided":"FBC{the_world_runs_on_sockets}","type":"correct","date":"2022-01-09T03:28:01.643130"},{"id":194,"challenge_id":10,"user_id":6,"team_id":null,"ip":"","provided":"FBC{faster_and_more_furious}","type":"correct","date":"2022-01-09T04:31:51.339350"},{"id":195,"challenge_id":20,"user_id":1,"team_id":null,"ip":"","provided":"FBC{2022-01-04 12:45:03}","type":"correct","date":"2022-01-09T04:34:23.126791"},{"id":196,"challenge_id":21,"user_id":1,"team_id":null,"ip":"","provided":"FBC{1024}","type":"correct","date":"2022-01-09T04:34:32.661779"},{"id":197,"challenge_id":22,"user_id":1,"team_id":null,"ip":"","provided":"FBC{break_out_the_phonebook_billy}","type":"correct","date":"2022-01-09T04:35:11.277827"},{"id":198,"challenge_id":23,"user_id":1,"team_id":null,"ip":"","provided":"FBC{meme_extraction_is_the_real_art}","type":"correct","date":"2022-01-09T04:35:53.444995"},{"id":199,"challenge_id":24,"user_id":1,"team_id":null,"ip":"","provided":"FBC{kinda_secure_shell}","type":"correct","date":"2022-01-09T04:36:26.074770"},{"id":200,"challenge_id":25,"user_id":1,"team_id":null,"ip":"","provided":"FBC{fire_and_forget}","type":"correct","date":"2022-01-09T04:43:17.988932"},{"id":201,"challenge_id":25,"user_id":7,"team_id":null,"ip":"","provided":"FBC{kinda_secure_shell}","type":"incorrect","date":"2022-01-09T06:46:33.974198"},{"id":202,"challenge_id":23,"user_id":7,"team_id":null,"ip":"","provided":"FBC{kinda_secure_shell}","type":"incorrect","date":"2022-01-09T06:46:41.816600"},{"id":203,"challenge_id":24,"user_id":7,"team_id":null,"ip":"","provided":"FBC{kinda_secure_shell}","type":"correct","date":"2022-01-09T06:46:55.021407"},{"id":204,"challenge_id":26,"user_id":7,"team_id":null,"ip":"","provided":"FBC{now_thats_what_i_call_ascii}","type":"correct","date":"2022-01-09T07:11:51.277525"},{"id":205,"challenge_id":6,"user_id":7,"team_id":null,"ip":"","provided":"FBC{ill_get_to_it_when_i_get_to_it}","type":"correct","date":"2022-01-09T07:20:23.662146"},{"id":206,"challenge_id":7,"user_id":7,"team_id":null,"ip":"","provided":"FBC{gimme_that_real_john_hancock}","type":"correct","date":"2022-01-09T07:24:02.393059"},{"id":207,"challenge_id":11,"user_id":7,"team_id":null,"ip":"","provided":"FBC{WOAH_you_shouldnt_be_able_to_overwrite_THAT}","type":"correct","date":"2022-01-09T07:25:49.964713"},{"id":208,"challenge_id":12,"user_id":7,"team_id":null,"ip":"","provided":"FBC{fire_and_forget}","type":"incorrect","date":"2022-01-09T07:36:59.922289"},{"id":209,"challenge_id":12,"user_id":7,"team_id":null,"ip":"","provided":"FBC{fire_and_forget}","type":"incorrect","date":"2022-01-09T07:37:05.200161"},{"id":210,"challenge_id":13,"user_id":7,"team_id":null,"ip":"","provided":"FBC{fire_and_forget}","type":"incorrect","date":"2022-01-09T07:37:10.485018"},{"id":211,"challenge_id":12,"user_id":7,"team_id":null,"ip":"","provided":"FBC{fire_and_forget}","type":"incorrect","date":"2022-01-09T07:38:46.433811"},{"id":212,"challenge_id":12,"user_id":7,"team_id":null,"ip":"","provided":"FBC{fire_and_forget}","type":"incorrect","date":"2022-01-09T07:38:57.250056"},{"id":213,"challenge_id":12,"user_id":7,"team_id":null,"ip":"","provided":"FBC{fire_and_forget}","type":"incorrect","date":"2022-01-09T07:39:20.390138"},{"id":214,"challenge_id":12,"user_id":7,"team_id":null,"ip":"","provided":"FBC{fire_and_forget}","type":"incorrect","date":"2022-01-09T07:44:08.257170"},{"id":215,"challenge_id":12,"user_id":7,"team_id":null,"ip":"","provided":"FBC{fire_and_forget}","type":"incorrect","date":"2022-01-09T07:44:19.005427"},{"id":216,"challenge_id":12,"user_id":7,"team_id":null,"ip":"","provided":"FBC{fire_and_forget}","type":"correct","date":"2022-01-09T07:46:23.941316"},{"id":217,"challenge_id":23,"user_id":7,"team_id":null,"ip":"","provided":"FBC{meme_extraction_is_the_real_art}","type":"correct","date":"2022-01-09T07:57:15.611788"},{"id":218,"challenge_id":30,"user_id":8,"team_id":null,"ip":"","provided":"FBC{images_aren't_pictures_in_my_world}","type":"correct","date":"2022-01-09T13:31:45.010142"},{"id":219,"challenge_id":20,"user_id":8,"team_id":null,"ip":"","provided":"FBC{2022-01-04 13:14:03}","type":"incorrect","date":"2022-01-09T13:32:35.387006"},{"id":220,"challenge_id":20,"user_id":8,"team_id":null,"ip":"","provided":"FBC{2022-01-04 20:45:03}","type":"incorrect","date":"2022-01-09T13:33:27.626850"},{"id":221,"challenge_id":20,"user_id":8,"team_id":null,"ip":"","provided":"FBC{2022-01-04 12:45:03}","type":"correct","date":"2022-01-09T13:34:25.870946"},{"id":222,"challenge_id":20,"user_id":2,"team_id":null,"ip":"","provided":"FBC{2022-01-014 15:45:03}","type":"incorrect","date":"2022-01-09T19:15:47.024114"},{"id":223,"challenge_id":20,"user_id":2,"team_id":null,"ip":"","provided":"FBC{2022-01-04 15:45:03}","type":"correct","date":"2022-01-09T19:16:00.217249"},{"id":224,"challenge_id":21,"user_id":2,"team_id":null,"ip":"","provided":"FBC{1024}","type":"correct","date":"2022-01-09T19:16:43.292423"},{"id":225,"challenge_id":22,"user_id":2,"team_id":null,"ip":"","provided":"FBC{break_out_the_phonebook_billy}","type":"correct","date":"2022-01-09T19:19:46.006167"},{"id":226,"challenge_id":23,"user_id":2,"team_id":null,"ip":"","provided":"FBC{meme_extraction_is_the_real_art}","type":"correct","date":"2022-01-09T19:27:32.650638"},{"id":227,"challenge_id":19,"user_id":8,"team_id":null,"ip":"","provided":"FBC{known_plaintext?_crib_your_way_to_victory}","type":"correct","date":"2022-01-09T19:30:38.186971"},{"id":228,"challenge_id":24,"user_id":2,"team_id":null,"ip":"","provided":"FBC{kinda_secure_shell}","type":"correct","date":"2022-01-09T19:38:10.081030"},{"id":229,"challenge_id":30,"user_id":7,"team_id":null,"ip":"","provided":"FBC{images_aren't_pictures_in_my_world}","type":"correct","date":"2022-01-09T20:10:43.063979"},{"id":230,"challenge_id":25,"user_id":2,"team_id":null,"ip":"","provided":"FBC{fire_and_forge_it}","type":"incorrect","date":"2022-01-09T20:16:50.897088"},{"id":231,"challenge_id":25,"user_id":2,"team_id":null,"ip":"","provided":"FBC{fire_and_forge_it}","type":"incorrect","date":"2022-01-09T20:18:41.913212"},{"id":232,"challenge_id":25,"user_id":2,"team_id":null,"ip":"","provided":"FB C{fire_and_forge t}","type":"incorrect","date":"2022-01-09T20:18:58.204980"},{"id":233,"challenge_id":25,"user_id":2,"team_id":null,"ip":"","provided":"FBC{fire_and_forge_t}","type":"incorrect","date":"2022-01-09T20:19:03.941355"},{"id":234,"challenge_id":25,"user_id":2,"team_id":null,"ip":"","provided":"FBC{fire_and_forge t}","type":"incorrect","date":"2022-01-09T20:19:07.952234"},{"id":235,"challenge_id":25,"user_id":2,"team_id":null,"ip":"","provided":"FBC{fire_and_forget}","type":"correct","date":"2022-01-09T20:19:14.665564"},{"id":236,"challenge_id":31,"user_id":7,"team_id":null,"ip":"","provided":"flag{mission_not_that_impossible}","type":"correct","date":"2022-01-09T20:32:32.172350"},{"id":237,"challenge_id":28,"user_id":7,"team_id":null,"ip":"","provided":"FBC{feline_meme_vault}","type":"correct","date":"2022-01-09T21:22:16.390682"},{"id":238,"challenge_id":19,"user_id":7,"team_id":null,"ip":"","provided":"FBC{known_plaintext?_crib_your_way_to_victory}","type":"correct","date":"2022-01-09T21:57:26.780853"},{"id":239,"challenge_id":29,"user_id":7,"team_id":null,"ip":"","provided":"FBC{wireshark_is_a_PROTOCOL_analyzeer}","type":"incorrect","date":"2022-01-09T22:49:28.296672"},{"id":240,"challenge_id":29,"user_id":7,"team_id":null,"ip":"","provided":"FBC{wireshark_is_a_PROTOCOL_analyzer}","type":"correct","date":"2022-01-09T22:49:31.020935"},{"id":241,"challenge_id":13,"user_id":4,"team_id":null,"ip":"","provided":"FBC{go_google_ret2win}","type":"correct","date":"2022-01-09T23:51:42.833634"}],"meta":{}}