{"count":8,"results":[{"id":1,"type":null,"ip":"","user_id":1,"date":"2022-01-11T10:42:29.686524"},{"id":2,"type":null,"ip":"","user_id":2,"date":"2022-01-09T22:27:59.918556"},{"id":3,"type":null,"ip":"","user_id":3,"date":"2022-01-11T09:04:07.104947"},{"id":4,"type":null,"ip":"","user_id":4,"date":"2022-01-10T01:57:30.909429"},{"id":5,"type":null,"ip":"","user_id":5,"date":"2022-01-10T04:20:01.876167"},{"id":6,"type":null,"ip":"","user_id":6,"date":"2022-01-09T22:53:06.863681"},{"id":7,"type":null,"ip":"","user_id":7,"date":"2022-01-11T07:14:32.348246"},{"id":8,"type":null,"ip":"","user_id":8,"date":"2022-01-10T13:19:16.757223"}],"meta":{}}