{"count":8,"results":[{"id":1,"oauth_id":null,"name":"singern","password":"$bcrypt-sha256$2b,12$xmHyZ3eXkcoWpPbrcmZBJu$BicLbTv3qjLnIOppvA2DcnMt8vIrwGq","email":"nathaniel.singer@scyca.org","type":"admin","secret":null,"website":null,"affiliation":"SCYCA","country":null,"bracket":null,"hidden":true,"banned":false,"verified":false,"team_id":null,"created":"2022-01-06T10:13:11.508729"},{"id":2,"oauth_id":null,"name":"Valkerse","password":"$bcrypt-sha256$2b,12$H/0ZDjQ4.ui/D4kZ0iEFEe$DpTaG3CYV5G6KbwfUYN15hKHKCwBihS","email":"darnoldncttech@gmail.com","type":"user","secret":null,"website":null,"affiliation":null,"country":null,"bracket":null,"hidden":true,"banned":false,"verified":false,"team_id":null,"created":"2022-01-06T21:00:51.697823"},{"id":3,"oauth_id":null,"name":"layala1023","password":"$bcrypt-sha256$2b,12$AQkCnIq883hEQbROvVvPQe$RzQkFEXDLhqtwR5DwiU0r5FKMo6BMh6","email":"layala1023@gmail.com","type":"user","secret":null,"website":null,"affiliation":null,"country":null,"bracket":null,"hidden":true,"banned":false,"verified":false,"team_id":null,"created":"2022-01-06T22:03:16.047099"},{"id":4,"oauth_id":null,"name":"dp","password":"$bcrypt-sha256$2b,12$37xxlz28gVvECWuj8mLqxe$Gq3e44oagP.Nt3fONkmg/Wo6t74YjQO","email":"evanschwalb@gmail.com","type":"user","secret":null,"website":null,"affiliation":null,"country":null,"bracket":null,"hidden":true,"banned":false,"verified":false,"team_id":null,"created":"2022-01-07T17:09:49.744552"},{"id":5,"oauth_id":null,"name":"awong","password":"$bcrypt-sha256$2b,12$aPcCye1e8nP1yxCgCsLHKe$u4USFgBIcVScMheoqHMArlWc8shA4TS","email":"wong.amyb@gmail.com","type":"user","secret":null,"website":null,"affiliation":null,"country":null,"bracket":null,"hidden":true,"banned":false,"verified":false,"team_id":null,"created":"2022-01-07T18:33:48.100923"},{"id":6,"oauth_id":null,"name":"Dementia","password":"$bcrypt-sha256$2b,12$oiEbhqpeOQb0NKVpqdw0CO$H9NHGNGOhkychCfs1Nl1tFPrf8.3x1y","email":"professa@dementianati.com","type":"user","secret":null,"website":null,"affiliation":null,"country":null,"bracket":null,"hidden":true,"banned":false,"verified":false,"team_id":null,"created":"2022-01-08T03:37:22.236117"},{"id":7,"oauth_id":null,"name":"greenkube","password":"$bcrypt-sha256$2b,12$cXU1qMGqDnBjxUy7Cg3aVO$RzzcjjyYZDt1AIDVCk.2ox7eetOYN1.","email":"benson.ku@scyca.org","type":"user","secret":null,"website":null,"affiliation":null,"country":null,"bracket":null,"hidden":true,"banned":false,"verified":false,"team_id":null,"created":"2022-01-08T17:36:55.235960"},{"id":8,"oauth_id":null,"name":"johng","password":"$bcrypt-sha256$2b,12$96pMfvMxtJkGexbISpc28.$bzp8koSNBf3xogOK3idpJSOd9723zAq","email":"ctf@wotan.org","type":"user","secret":null,"website":null,"affiliation":null,"country":null,"bracket":null,"hidden":true,"banned":false,"verified":false,"team_id":null,"created":"2022-01-08T18:09:41.747051"}],"meta":{}}